fire_id,date,year_month,name,counties,county_ids,latitude,longitude,acres_burned,percent_contained
a8d01a9f-0a2f-44ee-b011-517c9b4df43e,2025-08-07,2025-08,Canyon Fire,"['Los Angeles', 'Ventura']","19,56",34.441462,-118.73503,5370.0,100.0
3e9cca98-ed61-4b7a-bf78-a39caa8b0535,2025-09-02,2025-09,18-1 Fire,['Merced'],24,37.250521,-120.197971,463.0,100.0
60365bac-8607-4078-815b-bf227729da15,2025-06-30,2025-06,Sims Fire,['Lassen'],18,40.142467,-120.185357,223.0,100.0
741b7993-0acd-4942-8bd2-7e6984bc48f6,2025-05-20,2025-05,Cunningham Fire,['Merced'],24,37.344921,-120.25151,201.0,100.0
79f430c5-2150-453d-931d-71bf0e777565,2025-07-06,2025-07,Zediker Fire,['Fresno'],10,36.611938,-119.520899,164.0,100.0
acf7159e-eb73-4cbd-ba94-20871e0edb11,2025-07-08,2025-07,Pyrite Fire,['Riverside'],33,34.017805,-117.462368,150.0,100.0
80a0e51a-71e4-4327-a248-eb2e3438740d,2025-09-02,2025-09,Rock Fire,['Sacramento'],34,38.621374,-121.113812,143.0,100.0
5ab32f4d-a6a0-4e9f-9689-f55b7a2c03cf,2025-05-20,2025-05,Crossing Fire,['Riverside'],33,33.466549,-116.8260846,126.0,100.0
a7e25ed4-93bb-423c-89cf-64b48afbd1e0,2025-05-14,2025-05,L7a 2 Fire,['Merced'],24,37.493638,-120.445783,120.0,100.0
d3ba42d8-d13d-4040-9edc-5c1f44522f44,2025-05-13,2025-05,Robinson Fire,['Merced'],24,37.498636,-120.44704,120.0,100.0
5f946e5b-abfa-4ded-bf89-4c8375cb1395,2025-06-13,2025-06,Linda Fire,['Solano'],48,38.4513,-122.0102,111.0,100.0
3862596b-1d06-4879-98a5-764e88524db6,2025-05-22,2025-05,Dan Fire,['Merced'],24,37.244432,-120.670161,100.0,100.0
c6873239-c5f6-4b51-834a-44f0d3644c07,2025-06-20,2025-06,Coal Fire,['Fresno'],10,36.29538,-120.267799,90.0,100.0
db6f387b-2654-44a6-815e-20491c5a37a2,2025-01-21,2025-01,Lilac Fire,['San Diego'],37,33.30932,-117.152114,85.0,100.0
8dcc0ed8-641f-4b85-b853-9ed4473f5e51,2025-01-21,2025-01,Ncfr3 4 Fire,['San Diego'],37,33.299921,-117.174205,80.0,100.0
575264c0-167c-4a74-b2e6-f23756f19d0a,2025-07-02,2025-07,Oakdale Fire,['Yolo'],57,38.673273,-122.017383,78.3,100.0
7a8fc21c-498c-4704-8575-79eda2d34cf5,2025-07-04,2025-07,Grove Fire,['Butte'],4,39.3742124,-121.4139814,78.2,100.0
b95a33a4-0367-4ea4-95bd-08be90b94fa5,2025-05-28,2025-05,Belmont Fire,['Fresno'],10,36.749107,-120.373279,75.0,100.0
be9dfed2-0edc-416b-9c69-b13e13f664a9,2025-08-26,2025-08,Paskenta Fire,['Tehama'],52,40.00074,-122.298489,65.0,100.0
11055429-59f4-49dc-b759-a0c0d1225efc,2025-01-14,2025-01,Auto Fire,['Ventura'],56,34.23661,-119.20224,61.0,100.0
68839891-cd6f-4a9a-9d7e-aef108232cf4,2025-05-15,2025-05,Baxter Fire,['Riverside'],33,33.610162,-117.149827,59.5,100.0
ba050422-aa00-4d3b-8025-4169b9d9f84a,2025-06-27,2025-06,Red Fire,['Madera'],20,37.08604,-119.698787,53.8,100.0
5d4edc6a-7049-47c8-b977-11faf06889a1,2025-05-20,2025-05,Mission Fire,['Merced'],24,37.27341,-120.451639,53.8,100.0
f9ef205c-d2ea-4edb-9705-9840cb30cdb1,2025-05-26,2025-05,Cherry Fire,['Solano'],48,38.34346,-122.016511,52.0,100.0
825b12a9-3cd8-43fc-8456-918381122381,2025-08-10,2025-08,Clark Fire,['Lassen'],18,40.91808,-121.170005,50.7,100.0
d3fb8961-81d2-497a-ace3-e89d369ffddb,2025-07-07,2025-07,Nichols Fire,['Riverside'],33,33.7198782,-117.36247,50.0,100.0
a247e76b-059a-46f2-9f81-72296062ee01,2025-06-19,2025-06,Rider Fire,['Riverside'],33,33.827937,-117.26152,50.0,100.0
763c63d2-2f39-4e7f-8f24-5a2808c08389,2025-06-14,2025-06,Eldorado Fire,['Fresno'],10,36.2548,-120.211198,50.0,100.0
3edb01e6-4e6b-4560-8309-857931f2d0d4,2025-05-01,2025-05,Felipe Fire,['San Diego'],37,33.098585,-116.470729,50.0,100.0
f2a9ea76-12dd-4bda-847e-44c747f70e08,2025-04-25,2025-04,Church Fire,['Riverside'],33,33.638422,-116.142626,50.0,100.0
78a75770-7abe-41cb-be5b-98b04750d43f,2025-05-28,2025-05,Juniper Fire,['Siskiyou'],47,41.5892356,-122.3472513,49.0,100.0
d868ae36-7e0e-4d19-a189-ad934b180a95,2025-05-16,2025-05,Academy Fire,['San Diego'],37,33.0859909,-116.9455267,49.0,100.0
4c572138-64a7-4bba-ae74-4b5ed8e78df8,2025-06-09,2025-06,Reading Fire,['Trinity'],53,40.6399341,-122.9447813,47.4,100.0
536afa9c-eee6-419e-911d-a839680da5f6,2025-07-08,2025-07,Bert Fire,['Los Angeles'],19,34.449864,-118.611317,46.7,100.0
567159bf-77c4-44de-9d1a-c807d08fe78d,2025-07-04,2025-07,District Fire,['Butte'],4,39.4464985,-121.4836105,44.0,100.0
27d27175-c7e1-4a5d-8e98-b4b29201da28,2025-05-12,2025-05,Energy Fire,['San Luis Obispo'],40,35.351787,-120.040599,43.0,100.0
d94d8f86-a05c-4a9f-a309-cd5f7823a656,2025-08-20,2025-08,Vineyard Fire,['Madera'],20,36.865734,-120.140056,41.0,100.0
b8b66c83-2a4d-495e-b51c-6dc071ddaa5a,2025-01-22,2025-01,Clay Fire,['Riverside'],33,33.96682,-117.47055,39.0,100.0
900dfb7b-90a8-42c3-b98d-88e84bd07b9e,2025-06-13,2025-06,Eagle Fire,['San Luis Obispo'],40,35.78442,-120.926961,38.0,100.0
8f9c92f4-ea71-44cd-aeac-a88c3c358213,2025-04-01,2025-04,Wild Fire,['Fresno'],10,36.72005,-120.387063,37.0,100.0
bbecde18-3f28-4a67-bd74-7353fdc804ae,2025-07-03,2025-07,Ravine Fire,['Nevada'],29,39.064532,-121.267354,35.0,100.0
a1bff10a-0a85-425a-8175-a33a98b1070c,2025-08-13,2025-08,Lost Fire,['Fresno'],10,36.974318,-119.724423,31.0,100.0
8adc6368-26e7-4a91-9299-6289d17328ea,2025-07-30,2025-07,Rd 15  Madera_acres Fire,['Madera'],20,36.995304,-120.274202,30.0,100.0
2695f2b1-10c4-4934-bdb2-60f90e8e9b9d,2025-06-10,2025-06,Miller Fire,['Trinity'],53,40.436496,-123.409997,30.0,100.0
70033b2a-f28f-4545-b1a4-fd29950a3c9d,2025-05-18,2025-05,Grange Fire,['Stanislaus'],50,37.6693899,-120.4395747,30.0,100.0
a6ce84c1-8ced-46b6-a5a1-501b7890dff6,2025-05-18,2025-05,Adams Fire,['Fresno'],10,36.631825,-119.317698,30.0,100.0
00e82f13-a668-4fac-96e5-87db742562f4,2025-04-20,2025-04,Panoche Fire,['San Benito'],35,36.656093,-120.876101,29.3,100.0
abe10547-4150-4df1-b847-87af8feddf72,2025-05-26,2025-05,Lake Fire,['Stanislaus'],50,37.648407,-120.492179,28.0,100.0
78eb688f-34df-421a-a407-5bf1ec002095,2025-07-06,2025-07,Rancho Fire,['San Luis Obispo'],40,35.532939,-120.622981,27.6,100.0
12a260cb-2f14-4527-ae9c-f8d5ffe19934,2025-07-05,2025-07,Hunter Fire,['Mariposa'],22,37.565899,-120.152833,27.0,100.0
04483315-ddce-4a70-a56f-8733f9d0fcd3,2025-08-09,2025-08,Arden Fire,['Lake'],17,39.100802,-122.805092,26.0,100.0
a1012121-c7fc-4a33-9dec-1033603bf1f5,2025-08-06,2025-08,Pond Fire,['Mendocino'],23,39.73421,-123.51271,25.2,100.0
d70f377b-58e9-419a-bf5b-00117e270fac,2025-05-16,2025-05,Washoe Fire,['Fresno'],10,36.652363,-120.460299,25.0,100.0
e9a1b964-9bff-443e-aa89-f8f933c66bd6,2025-03-24,2025-03,Buchanan Fire,['Riverside'],33,33.525303,-116.100296,25.0,100.0
c71e52ee-6c58-44ea-9a55-6751ff5ba081,2025-07-31,2025-07,Orion Fire,['Santa Barbara'],42,34.80493,-120.53608,24.7,100.0
1d662ad8-9166-4cf7-a7ff-cc2e6f8d35f1,2025-05-15,2025-05,White Fire,['Merced'],24,37.244386,-120.198126,23.4,100.0
f5c8200f-94df-4fb9-bb8b-c6079bf67cea,2025-07-07,2025-07,Fish Fire,['Fresno'],10,36.794181,-119.411635,23.0,100.0
66725740-7447-4122-97a8-185c6a949f9f,2025-05-31,2025-05,Coyote Fire,['Lassen'],18,40.4095336,-120.526195,21.6,100.0
cfa8c26e-46ab-4186-9238-cce50f9d0ce6,2025-07-07,2025-07,Corning Fire,['Tehama'],52,39.928283,-122.2985996,21.1,100.0
89dd1be6-dc1a-4b44-8430-434c3e80fd4d,2025-07-05,2025-07,Ignacio Fire,['Riverside'],33,33.543824,-116.918051,21.0,100.0
d01f8246-e27f-421e-b342-58d949af2209,2025-04-24,2025-04,Sandy Fire,['Merced'],24,37.185799,-120.513485,21.0,100.0
e57e0893-279b-4e41-a896-7b164bc0f3e7,2025-07-05,2025-07,Cactus Fire,['Riverside'],33,33.908497,-117.287235,20.6,100.0
89e8f675-02f3-4f55-897f-6ecc52be596b,2025-06-25,2025-06,Fleming Fire,['Riverside'],33,34.023047,-117.47683,20.6,100.0
1582c12d-e5c7-4901-b173-9b41b056445e,2025-05-22,2025-05,Sierra Fire,['Riverside'],33,33.847742,-117.461546,20.1,100.0
208363bf-46b4-45e8-b40c-5913b5404df8,2025-06-27,2025-06,Orange 2 Fire,['Fresno'],10,36.617488,-119.327231,20.0,100.0
5a3e58ea-ae58-40aa-842f-1742cb72ab50,2025-06-19,2025-06,South Fire,['Fresno'],10,36.617484,-119.325847,20.0,100.0
1f34192f-55aa-4fde-a116-d65b56609fdc,2025-06-13,2025-06,Clement Fire,['Shasta'],45,40.479167,-122.4495,20.0,100.0
f69dcde3-24f7-4b06-8ec4-a2a2e1884297,2025-10-26,2025-10,Grant Fire ,['Alameda'],1,37.734211,-121.620807,19.8,100.0
b85fdc63-f8c9-4746-8091-f0e459a2e6cc,2025-05-17,2025-05,Kahlon Fire,['Merced'],24,37.187714,-120.333898,18.5,100.0
5cec84ed-8b30-46ef-9ac9-f031ae689997,2025-07-04,2025-07,Springs Fire,['Riverside'],33,33.919507,-117.103765,18.0,100.0
9259639b-d550-4ec6-9c54-89ed5d79ef8e,2025-06-11,2025-06,Willow Fire,['Modoc'],25,41.812667,-120.245333,18.0,100.0
5cc37f7a-3247-44ab-ae0e-76ad1a632125,2025-07-20,2025-07,Alta Fire,['Butte'],4,39.422347,-121.470538,17.0,100.0
805b2240-1e96-4920-8bea-b4ae44005640,2025-05-13,2025-05,Hansen Fire,['San Joaquin'],39,37.719785,-121.53522,16.0,100.0
94eb10cc-563b-41a7-917e-8ae3d1b8aaa6,2025-07-09,2025-07,Victoria Fire,['Alameda'],1,37.655501,-121.659503,15.0,100.0
534d3171-a0e9-4875-af3d-cb7638dfd0fa,2025-07-07,2025-07,Birds Fire,['Solano'],48,38.1303671,-121.79616,15.0,100.0
e8ea496f-b48e-4c0e-aa43-d7fee5dcd8f2,2025-05-31,2025-05,Mccabe Fire,['Merced'],24,37.125121,-121.088612,15.0,100.0
35d0844e-0ceb-420f-b267-ab22d3afb4df,2025-05-18,2025-05,Jacobs Fire,['Fresno'],10,36.639031,-119.313661,15.0,100.0
a79b51d3-9ae7-4ec3-a8ca-9f733b89df9a,2025-01-24,2025-01,Gibbel Fire,['Riverside'],33,33.708601,-116.964339,15.0,100.0
46f15a2b-23e5-4935-8fb8-918a5ab275a5,2025-06-11,2025-06,Ford Fire,['Colusa'],6,39.302133,-122.488411,14.0,100.0
c1e1567d-4ce5-427a-9070-7be99a793ce3,2025-05-31,2025-05,Cove Fire,['Fresno'],10,36.63234,-119.3495,14.0,100.0
f5d6e65b-19e4-4ca3-83fb-f7c3f8bfafe7,2025-05-26,2025-05,Pecan Fire,['Fresno'],10,36.611351,-119.43763,14.0,100.0
6dcb6454-eea6-4f54-99c9-a8048d57f06d,2025-05-22,2025-05,Creston Fire,['San Luis Obispo'],40,35.564837,-120.560704,14.0,100.0
d4fd55a5-d2bc-4b99-bc11-7284ece809a9,2025-04-02,2025-04,68 Fire,['Riverside'],33,33.554725,-116.07895,13.3,100.0
35411052-3bc4-4ba7-a867-eec3fd57136e,2025-07-07,2025-07,Bluff Fire,['Riverside'],33,33.950365,-116.880684,12.9,100.0
98426066-4586-4ebc-a8ae-573eb3b663fe,2025-09-24,2025-09,Springs Fire,['Riverside'],33,33.768255,-117.084452,12.7,100.0
a28bd151-9463-4ea3-8a4f-d6e720f01c60,2025-08-14,2025-08,Preston Fire,['Mariposa'],22,37.257358,-119.97478,12.7,100.0
556f1827-6c95-49b8-a708-74027a55cfdf,2025-08-01,2025-08,Bernardo Fire,['San Diego'],37,33.0088892,-117.0978951,12.7,100.0
4591cb85-cb46-4af4-a772-ae36ab73c07e,2025-09-10,2025-09,Tornado Fire,['Riverside'],33,33.473554,-117.170723,12.0,100.0
3989ef92-24f5-460f-a90d-aa3f17035628,2025-07-06,2025-07,Morgan Fire,['Contra Costa'],7,37.773964,-121.778644,12.0,100.0
72824b38-fae5-4939-a262-8626d43fb202,2025-06-21,2025-06,Le Grand Fire,['Merced'],24,37.227475,-120.378832,12.0,100.0
a826b1bf-cb1f-4f11-9d1c-e8c6a70b9419,2025-06-09,2025-06,Windy Fire,['Madera'],20,37.34,-119.327,12.0,100.0
0f25abe3-087f-43cc-8523-7f8830f359d7,2025-05-24,2025-05,Pluto Fire,['Siskiyou'],47,41.573333,-122.295,12.0,100.0
7660065b-dc72-49fa-a5d4-c25f29f5f12d,2025-05-20,2025-05,Spring Fire,['Siskiyou'],47,41.33512,-122.32687,12.0,100.0
06178d7d-8293-470d-86d4-98ffa4d97586,2025-05-30,2025-05,Grubbs Fire,['Butte'],4,39.444691,-121.45917,10.4,100.0
bce3d832-a999-4314-8f5d-dec78b6b8a2a,2025-05-31,2025-05,State Fire,['Riverside'],33,33.799855,-116.972054,10.3,100.0
f7341ae4-55b4-4fb9-bb59-353f8c7951e5,2025-07-07,2025-07,Tractor Fire,['Tulare'],54,36.224616,-118.832595,10.0,100.0
dcafbf03-7e3d-452e-ba19-51f201392e69,2025-05-30,2025-05,Emily Fire,['Los Angeles'],19,34.7561047,-118.46498,10.0,100.0
3bad40df-622b-4172-8bd5-79f5b95816bf,2025-05-26,2025-05,Orange Fire,['Tulare'],54,36.60254,-119.296,10.0,100.0
6e547ca0-c187-4a01-9ec8-4104fdd45566,2025-05-18,2025-05,12th St / B St Fire,['Fresno'],10,36.630347,-119.320298,10.0,100.0
15127f35-1f17-42c2-8137-56ece7061ba0,2025-05-12,2025-05,Sapphire Fire,['San Bernardino'],36,33.954739,-117.702445,10.0,100.0
0001934f-901f-40aa-93f2-017d7debbcef,2025-04-14,2025-04,Lake Fire,['Del Norte'],8,41.869329,-124.185699,10.0,100.0
c883666b-ccbc-45ca-b800-bdd60443e6f2,2025-07-06,2025-07,Soboba Fire,['Riverside'],33,33.786094,-116.923214,9.0,100.0
7eee0dc7-7020-4a86-9be7-82b084f105d9,2025-01-22,2025-01,Center Fire,['San Diego'],37,33.001,-117.0887,7.0,100.0
c26bbba5-e5c9-4d07-85ea-830845edb464,2025-08-13,2025-08,Smittle Fire,['Napa'],28,38.560009,-122.234924,5.3,100.0
8fa12e35-097e-4de9-931c-2a2c111dcdaa,2025-06-20,2025-06,Happy Fire,['Shasta'],45,40.486435,-122.393131,2.0,100.0
fb7c1cc7-8104-4776-b89e-fd27cb9b7be9,2025-08-01,2025-08,Gifford Fire ,['Santa Barbara'],42,35.111258,-120.097902,131612.0,100.0
01e7e83e-1a4c-4f14-bd39-9ef36136a91f,2025-07-02,2025-07,Madre Fire,['San Luis Obispo'],40,35.099242,-119.982548,80779.0,100.0
ff0b75c2-1968-4021-b7cb-070b7bd73769,2025-08-24,2025-08,Garnet Fire,['Fresno'],10,36.86508,-119.027914,59844.0,100.0
5da4a983-58e7-49ad-b5fd-0be908b61d1d,2025-09-01,2025-09,Salt Fire,"['Fresno', 'Monterey']","10,27",36.011656,-120.36348,25579.0,100.0
abfed7a3-794a-4294-9852-43176dcbc18a,2025-01-07,2025-01,Palisades Fire,['Los Angeles'],19,34.07022,-118.54453,23448.0,100.0
c1c21095-0f44-4ddb-8b34-6b9c06507f3b,2025-07-09,2025-07,Orleans Complex ,['Siskiyou'],47,41.3255556,-123.4177777,22153.0,100.0
4e07582c-e388-47e6-8408-cdc7142e7091,2025-07-02,2025-07,Green Fire,['Shasta'],45,40.834939,-122.094146,19022.0,100.0
dbfa574e-1b10-4467-b5e5-7d1c06ebc8dc,2025-01-08,2025-01,Eaton Fire,['Los Angeles'],19,34.203483,-118.069155,14021.0,100.0
4eabc8a7-b2a0-4492-8b19-f2329d4bbc01,2025-09-02,2025-09,TCU September Lightning Complex ,"['Calaveras', 'San Joaquin', 'Stanislaus', 'Tuolumne']","5,39,50,55",37.998587,-120.475152,13869.0,100.0
914e88e1-6397-481c-913f-c99cbd6db94e,2025-08-26,2025-08,Dillon Fire,['Siskiyou'],47,41.54121,-123.539009,11929.0,100.0
bf194e6a-78cb-46bc-849b-567bceaabbb6,2025-01-22,2025-01,Hughes Fire,['Los Angeles'],19,34.553008,-118.56687,10425.0,100.0
85af7553-a237-4ce6-921b-e9d46a86bbce,2025-09-03,2025-09,6-5 Fire,['Tuolumne'],55,37.819667,-120.437333,7037.0,100.0
5b4fef80-5eca-4bc6-acae-02aa42a7a18b,2025-08-21,2025-08,Pickett Fire,['Napa'],28,38.6001023,-122.5519541,6820.0,100.0
a9719e0a-db5d-48d4-895c-5b096ae1802d,2025-01-23,2025-01,Border 2 Fire,['San Diego'],37,32.5947,-116.8437,6625.0,100.0
549b3868-2d30-4653-b876-eafce2d832a9,2025-09-03,2025-09,1-4 Fire,['Mariposa'],22,37.255225,-120.067334,4451.0,100.0
0b1307ff-5e5a-4a3d-b27a-9e94e0558cde,2025-06-13,2025-06,Dogs Fire,['Kern'],15,35.6025,-119.0082,4407.0,100.0
ab3eab9f-862e-47f1-803a-243507ea128c,2025-05-19,2025-05,Jaw Fire,['Kern'],15,35.3158,-118.2225,4327.0,100.0
5fbb7563-7dc7-4a36-849b-400b8488a9dd,2025-06-10,2025-06,Ranch Fire,['San Bernardino'],36,34.3745,-117.1232,4293.0,100.0
3ce1e1a6-8b18-47a4-a0c2-504b8e0d23a7,2025-08-27,2025-08,Blue Fire,['Siskiyou'],47,41.78715,-123.18499,3713.0,100.0
b664fdcf-0407-4dfd-8aaa-422e53915089,2025-07-24,2025-07,Mammoth Fire ,['Modoc'],25,41.684141,-121.323879,2533.0,100.0
c098ae85-db2e-41da-83ca-037d827c5166,2025-08-22,2025-08,Little Fire,['Kern'],15,35.569296,-118.585846,2506.0,100.0
818f89d4-5daa-471a-992b-626f26b21cec,2025-06-29,2025-06,Wolf Fire,['Riverside'],33,33.88649,-116.89942,2387.0,100.0
42ce05cd-de08-4d5f-8f0e-be53ba48dc3d,2025-11-13,2025-11,Pack Fire,['Mono'],26,37.56243,-118.788215,1974.0,100.0
a7823000-b882-4363-8cae-d92340e14a8b,2025-05-06,2025-05,Springs Fire,['Tulare'],54,35.817188,-118.954931,1817.0,100.0
32bba53a-d4c6-4672-b63a-49448c53fa68,2025-08-04,2025-08,Rosa Fire,['Riverside'],33,33.56604,-116.53338,1671.0,100.0
052d91b6-4122-4d11-a0e9-9a8bdd6b20f8,2025-06-14,2025-06,Bitter Fire,['San Luis Obispo'],40,35.543275,-120.155841,1651.0,100.0
014151c4-c77d-4fe5-9ffc-d90909ed8f4b,2025-03-30,2025-03,Silver Fire,['Inyo'],14,37.399684,-118.352523,1600.0,100.0
04a5ac6f-f585-4327-8632-c9a152fb4f1f,2025-06-17,2025-06,Monte Fire ,['San Diego'],37,32.8921885,-116.8435559,1495.0,100.0
bf459045-cd6d-46ca-b6b5-7c3383132dad,2025-06-02,2025-06,Rose Fire,['Fresno'],10,36.60343,-120.178698,1200.0,100.0
504dec0c-b35c-47f9-9ef1-df84c5412c70,2025-09-01,2025-09,Log Fire,['Siskiyou'],47,41.41726,-123.2668,1170.0,100.0
adb9e4c0-569d-485d-bced-0cee394bc3c3,2025-07-16,2025-07,Dale Fire,['Riverside'],33,33.51744,-116.78672,1096.0,100.0
0ccc3062-fdb2-43e1-95e3-08a91f262264,2025-08-04,2025-08,Gold Fire,['San Bernardino'],36,34.320286,-116.906906,1079.0,100.0
98dad47e-805e-4300-8220-c908df687b4b,2025-01-09,2025-01,Kenneth Fire,"['Los Angeles', 'Ventura']","19,56",34.185198,-118.66991,1052.0,100.0
0c0572ad-e2dc-4467-a678-c9e8ba57a410,2025-09-03,2025-09,Marmon Fire,['Fresno'],10,36.24125,-120.102889,1034.0,100.0
7e192d1a-cdab-443a-b895-b6190b050526,2025-09-02,2025-09,6-2 Fire,['Tuolumne'],55,37.77721,-120.38529,1025.0,100.0
bc6cfae1-6556-46a7-ab4a-4a7598c07d8b,2025-08-11,2025-08,Mountain Fire,['Modoc'],25,41.8124,-121.33,980.0,100.0
b0eaba5c-1bf5-4123-aa6e-26c212bd596e,2025-05-18,2025-05,Democrat Fire,['Kern'],15,35.479027,-118.7094208,895.0,100.0
a691fef4-eefe-4f79-bff8-64fa7e0fe8c5,2025-06-25,2025-06,Dias Fire,['Fresno'],10,36.0498,-120.3988,852.0,100.0
ed36cf94-75d8-43f6-913a-d15646907311,2025-01-08,2025-01,Hurst Fire,['Los Angeles'],19,34.32533,-118.478134,799.0,100.0
08531865-4d19-4fe5-9eb2-11fbb173063d,2025-06-30,2025-06,Juniper Fire,['Riverside'],33,33.801555,-117.325778,756.0,100.0
639d1196-4ded-42d0-a787-06d84bd8082f,2025-07-03,2025-07,Marble Complex Fire,['Siskiyou'],47,41.52404,-123.13222,747.0,100.0
377b11f3-53f5-40f6-8cd0-d3ca6a20da5d,2025-09-01,2025-09,Root Fire,['Shasta'],45,41.159093,-122.397152,729.0,100.0
c8d4f29a-e833-49e9-a905-f02af3a6205e,2025-05-22,2025-05,Inn Fire,['Mono'],26,38.009312,-119.156506,728.0,100.0
10b40268-289c-4fcc-a7ce-0e2d584b745f,2025-07-15,2025-07,Fay Fire,['Kern'],15,35.7349929,-118.3068082,686.0,100.0
55621216-5ec5-430d-aff6-0f93b203fbfb,2025-05-14,2025-05,Acres Fire,['Madera'],20,37.0815942,-120.0170157,636.0,100.0
c70ae143-c751-48fe-a10a-f1c0347c3bd6,2025-08-20,2025-08,Coyote Fire,['El Dorado'],9,38.535896,-120.636971,624.0,100.0
3ddaa74b-f795-4e8d-8e53-d837f98be748,2025-06-13,2025-06,Hudson Fire,['Kern'],15,34.9578,-119.403,616.0,100.0
a503c875-cf30-411a-925b-d120439d5ffd,2025-06-11,2025-06,Little Fire,['San Benito'],35,36.656093,-120.876101,586.0,100.0
31e4db70-aaf9-4864-ab09-d2e90201764e,2025-08-14,2025-08,King Fire,['Los Angeles'],19,34.720071,-118.79656,577.0,100.0
dab25b3c-d36c-4778-a9e8-edf2f5ef7407,2025-08-25,2025-08,Swift Complex,['Trinity'],53,40.9044444,-122.8508333,540.0,100.0
c6b55ce4-48c8-4027-978b-b880b4dfd5b5,2025-05-17,2025-05,Nella Fire,['Merced'],24,37.0462978,-120.9680028,535.0,100.0
ce840fb1-e2d2-4b9a-bc9c-fbe67dbddb7f,2025-08-24,2025-08,R-3 Fire,['Lassen'],18,40.435833,-120.477333,500.0,100.0
65296e0e-94a3-405e-bd6a-a28ace795d80,2025-08-21,2025-08,Crow Fire,['San Diego'],37,33.4530278,-117.5346389,500.0,100.0
9163f470-265d-422f-92fb-5d8ea9ca1acf,2025-06-28,2025-06,Lake Fire,['San Bernardino'],36,34.28816,-117.349169,485.0,100.0
6028f6f3-75b9-414c-a66b-a4cfec15ed54,2025-06-12,2025-06,Firestone Fire,['Fresno'],10,36.0931954,-120.4557421,482.0,100.0
33ce048a-b003-4336-a9ee-fa2d9511d760,2025-08-14,2025-08,Hawk Fire,['Los Angeles'],19,34.5314258,-118.2272114,481.0,100.0
f49cf3f1-35c2-4863-a7ee-755e908c9d18,2025-09-03,2025-09,Paladino Fire,['Kern'],15,35.417279,-118.927674,461.0,100.0
512e6848-d749-4ecb-b9c3-4f89495ec383,2025-09-06,2025-09,Pyrite Fire,['Riverside'],33,34.017805,-117.462368,450.0,100.0
38ad3e62-0bfb-44c9-b160-86e8fd9c3b0d,2025-06-22,2025-06,Benito Fire,['Fresno'],10,36.730979,-120.360998,430.0,100.0
357031c1-f5cb-40af-a634-754e427f7fb0,2025-07-13,2025-07,Max Fire,['Fresno'],10,36.9646836,-119.2280383,426.0,100.0
77f07fa7-3b2e-46f0-a5db-a96fd1ea226b,2025-08-07,2025-08,Panoche Fire,['San Benito'],35,36.635134,-120.989102,423.0,100.0
6b89b685-6a60-49dd-81ea-f33ec5dfa215,2025-05-26,2025-05,Run Fire,['Madera'],20,37.08447,-119.99113,420.0,100.0
6018c27d-885c-49b7-bb73-bb95969347f6,2025-09-19,2025-09,Solar Fire,['Fresno'],10,36.61751,-120.333854,418.0,100.0
76b3ce59-5628-4cb0-9ac5-0ed5664745b5,2025-08-28,2025-08,Lake Fire,['Modoc'],25,41.86292,-121.22717,401.0,100.0
c64713dc-7279-43b0-b075-9570a4211973,2025-08-03,2025-08,Lake Fire,['Lake'],17,38.9775809,-122.6525158,401.0,100.0
ff703d8a-d4be-4eaa-8a56-64dbed6c9d79,2025-09-02,2025-09,Hornitos 1-2 Fire,['Mariposa'],22,37.529667,-120.256117,390.0,100.0
fb704e26-37b6-4832-a15a-b7630d6438b6,2025-06-05,2025-06,Fort Fire,['Kern'],15,34.8892431,-118.920401,389.0,100.0
c606c9b4-5e5d-4d54-8ae0-00ad4239a277,2025-06-20,2025-06,Camino Fire,['Tuolumne'],55,37.759084,-120.464241,387.0,100.0
96558c49-db9a-4e14-8329-6f5a487287ea,2025-07-02,2025-07,Horse Fire,['Shasta'],45,40.87206,-122.55849,385.0,100.0
c139680a-c78e-4ebf-8de2-c0b4870b97a2,2025-11-02,2025-11,Gianelli Fire,['Tuolumne'],55,38.077702,-120.196545,372.0,100.0
3502e42e-91be-4d4f-a164-a0b139383059,2025-07-07,2025-07,Bridge 3 Fire,['Humboldt'],12,40.172678,-123.60102,366.0,100.0
6d56edaa-f51d-4fe7-a478-db1e6e7f0795,2025-06-19,2025-06,Somersville Fire,['Contra Costa'],7,37.981065,-121.850359,358.0,100.0
83adc92b-bd6c-458a-a2b1-43b3ee2c27b3,2025-01-08,2025-01,Lidia Fire,['Los Angeles'],19,34.4408,-118.2433,348.0,100.0
bdc85ac3-5b32-41f9-9731-2ed55ae7fb8f,2025-04-26,2025-04,Reef Fire,['Kings'],16,35.813704,-120.014805,335.0,100.0
1191b16b-f398-4545-9827-674ed99b1f05,2025-05-17,2025-05,Idria Fire,['San Benito'],35,36.543667,-120.835667,330.0,100.0
7533b587-26cd-4518-bbe7-299050c6e2fb,2025-09-02,2025-09,Moraga Fire,['Merced'],24,37.079208,-120.962011,315.0,100.0
d9f850ad-d72a-4fe6-9c10-5e140356b7af,2025-10-29,2025-10,Bummer Fire,['Tuolumne'],55,38.305002,-120.026064,293.0,100.0
ba0bb42a-b850-4305-9f87-ad1807020261,2025-09-02,2025-09,Canal Fire,['Madera'],20,37.119648,-120.074557,272.0,100.0
9a83f189-c39b-49f9-a853-879593dc77bc,2025-06-11,2025-06,Dino Fire,['Santa Clara'],43,37.066401,-121.219118,266.0,100.0
f65d7124-a461-4c82-b892-d55105860d13,2025-07-27,2025-07,Medicine Fire,['Mendocino'],23,39.831628,-123.267618,262.8,100.0
9ba4bf27-e4d6-4055-8d65-9f2162ae9287,2025-05-22,2025-05,Midway Fire,['Alameda'],1,37.71488,-121.561663,261.0,100.0
075f506d-0a46-474f-8734-fcfa7cd2ae74,2025-10-27,2025-10,Sage Fire,['Mono'],26,37.4864,-118.4867,260.0,100.0
7f9b2183-819f-4487-926b-aa36b4a31c1b,2025-07-31,2025-07,1-4 Fire,['Lassen'],18,40.445172,-120.656672,260.0,100.0
1f30d922-c369-4462-b736-d7148c82c029,2025-05-31,2025-05,Henderson Fire,['San Diego'],37,33.3803841,-117.0608758,256.0,100.0
d06257a8-4409-4238-8f45-b27b8cf899b1,2025-09-03,2025-09,1-3 Fire,['Mariposa'],22,37.262108,-120.007439,250.0,100.0
48a7d32f-2ecc-4030-acf5-e4a2a1ef8ce3,2025-08-14,2025-08,Heather Fire,['Siskiyou'],47,41.932642,-122.4019,240.0,100.0
e68315fd-ee43-4666-baaf-5d02e7c741c2,2025-07-26,2025-07,Boneyard Fire,['Tuolumne'],55,37.773371,-120.214807,227.0,100.0
a1a24bab-e19d-49d5-a3f2-46281022f261,2025-05-30,2025-05,Eureka Fire,['San Bernardino'],36,34.0618164,-116.3269976,214.0,100.0
58a0c153-985b-4481-961c-92af3023bb6b,2025-06-27,2025-06,Saddle Fire,['Tulare'],54,36.400201,-118.944829,206.0,100.0
b0fbc28d-1c08-45a6-9fb9-85489e5db871,2025-06-10,2025-06,Cahuilla Fire,['Riverside'],33,33.540872,-116.740299,188.0,100.0
9ffc1d50-1031-4227-a4b5-4d000ae8f8ae,2025-06-17,2025-06,Bonanza Fire,['El Dorado'],9,38.65789,-120.88977,181.2,100.0
dfbec069-f13b-4c6b-a906-18279d69fe85,2025-06-24,2025-06,Monterey Fire,['Fresno'],10,36.486982,-120.370491,180.0,100.0
110b2fac-26a2-41b3-8ce1-6333e009cbb0,2025-06-24,2025-06,Granite Fire,['Kern'],15,35.511497,-119.01354,175.0,100.0
01fa37af-7ca8-4d5a-bdfc-60888a4b444f,2025-05-10,2025-05,Catlett Fire,['Placer'],31,38.846183,-121.407882,175.0,100.0
b10d856e-7741-4295-88eb-cd1c834ff295,2025-08-15,2025-08,Herman Fire,['Solano'],48,38.097839,-122.131599,167.0,100.0
22cea9ae-fd92-4502-8ae6-f3470dfbc8f0,2025-07-12,2025-07,Scavenger Fire,['Fresno'],10,36.226722,-120.193833,165.0,100.0
ae18777a-ca05-418d-965c-b34355a324d1,2025-08-10,2025-08,Richbar Fire,['Kern'],15,35.468395,-118.722809,158.3,100.0
14cd1228-9114-43be-810e-867fc540bec4,2025-06-19,2025-06,Rancho Fire,['Shasta'],45,40.405179,-122.314137,157.0,100.0
3482d4a7-c0f5-4b99-b428-bb093275e90f,2025-09-04,2025-09,Rd 29 / Ave 16.25 Fire,['Madera'],20,36.985276,-120.019506,150.8,100.0
4876140b-cfd2-4790-b779-619cb3b72fd8,2025-08-04,2025-08,Ranch Fire,['Placer'],31,38.839,-121.299167,140.0,100.0
3e30d9df-db01-4acb-934c-af5cd0fe2879,2025-08-23,2025-08,Lierly Fire ,['Kern'],15,34.995365,-119.044543,139.0,100.0
7ccaece9-72e8-4e4a-9cd6-176dfae15511,2025-06-11,2025-06,Rocky Fire,['Tulare'],54,36.301073,-119.089751,137.0,100.0
4cba24e3-da08-4c70-9bd1-9ba7a4de5db8,2025-08-04,2025-08,Claypit Fire,['Sacramento'],34,38.409043,-121.028053,128.0,100.0
ee3f98a9-3e34-4ac0-a032-78afd6c1b0b1,2025-07-23,2025-07,Euclid Fire,['San Bernardino'],36,33.922339,-117.64923,120.0,100.0
48ce54e5-c038-4496-9574-eebcfec97748,2025-08-22,2025-08,Parks Fire,['Alameda'],1,37.732098,-121.908142,118.0,100.0
64f3cd30-8327-4384-bb56-63ac835a0b7f,2025-08-08,2025-08,Tiger Fire,['Amador'],3,38.430401,-120.516289,118.0,100.0
e93e606b-bcb0-4df3-8ae2-20e80bb43d87,2025-07-03,2025-07,Helena Fire,['Trinity'],53,40.794628,-123.132571,110.0,100.0
83cf174a-71c4-4590-acf9-3ba7a78d91ae,2025-06-29,2025-06,Mindy Fire,['Riverside'],33,33.55768,-116.85995,109.0,100.0
b8f95fe9-87af-4f12-a351-4fd38ad0bae6,2025-06-10,2025-06,SKU Early June Lightning Complex,['Siskiyou'],47,41.716795,-122.345743,108.1,100.0
e88762cb-c444-463b-a9fa-bd131be581b4,2025-10-04,2025-10,Alma Fire,['San Luis Obispo'],40,35.307304,-119.860559,107.0,100.0
e2e8daf9-9b18-457b-b741-f6f57c5f3ebf,2025-08-25,2025-08,SKU Late August Lightning Complex,['Siskiyou'],47,41.0,-122.0,107.0,100.0
55e1f98c-9529-4506-a70c-9e0dcd1390be,2025-10-09,2025-10,Rancho 3 Fire,['San Diego'],37,33.0751624,-116.769802,105.0,100.0
588fcef3-7626-44c3-ab26-83f2ef19111c,2025-05-29,2025-05,Frazier Fire,['Kern'],15,34.8229,-118.9121,105.0,100.0
460e65e4-366e-46d1-8729-7d1756fca41a,2025-01-29,2025-01,Rosa Fire,['San Luis Obispo'],40,35.303682,-119.982524,105.0,100.0
28868992-a898-4079-979b-360e726002e0,2025-09-02,2025-09,Cedar Fire,['Trinity'],53,40.406746,-123.231979,104.0,100.0
de9b8a01-9e10-4ca7-97ad-67043afe44b4,2025-08-26,2025-08,Pomegranate Fire,['Fresno'],10,36.647094,-120.133591,100.0,100.0
99c6e291-683f-4922-88b8-deb713154b5e,2025-08-25,2025-08,R-10 Fire,['Lassen'],18,40.678028,-120.24025,100.0,100.0
77bd9c52-9888-406b-8e75-f416723bbf98,2025-07-31,2025-07,Howards Fire,['Modoc'],25,41.48008,-120.957447,100.0,100.0
e3fe0bfb-f128-4374-94d3-6c5ea20c2610,2025-06-17,2025-06,Ranch Pl Fire,['Santa Clara'],43,37.4097645,-121.8445081,92.3,100.0
08c79b64-8b60-4645-9010-ffaea3674ed8,2025-08-25,2025-08,Aberdeen Fire,['Inyo'],14,36.99955,-118.232528,91.0,100.0
bf804af8-b50d-449b-a1e4-fcb89e11def4,2025-09-03,2025-09,Myers Fire,['Riverside'],33,33.753799,-117.024162,90.0,100.0
c48978b9-c4c7-4101-b9c1-1fb310574e55,2025-05-04,2025-05,Carroll Fire ,['Sacramento'],34,38.350603,-121.398847,90.0,100.0
f967b9d0-6970-4f20-bccc-3c8df66cd38e,2025-08-08,2025-08,Runner Fire,['San Diego'],37,32.687885,-116.281929,88.4,100.0
06477093-53c9-4ee7-9883-18a739be764a,2025-09-11,2025-09,Boggs Fire,['Tehama'],52,39.962679,-122.398034,88.0,100.0
22e01b30-09bf-4e3f-9855-6b830e81543f,2025-08-10,2025-08,Ponderosa Fire,['Yuba'],58,39.386003,-121.295635,87.0,100.0
5fa1beec-2657-45ff-8f6c-3c16313ad424,2025-09-30,2025-09,Paloma Fire,['Mariposa'],22,37.482008,-120.272427,86.0,100.0
9682483b-a5ec-4aa9-9078-25b5ec45bbfb,2025-08-07,2025-08,102 Fire,['Yolo'],57,38.69111,-121.72738,86.0,100.0
f9dd207d-0f51-449a-882d-7aa6aa1eaf7c,2025-05-11,2025-05,Pozo Fire,['San Luis Obispo'],40,35.4018646,-120.1997983,86.0,100.0
b7cfefea-e9ff-441d-b58b-4d4e113dbb72,2025-06-29,2025-06,Mandalay Fire,['Riverside'],33,33.955583,-117.483115,83.1,100.0
5b3d8229-b45b-4625-8905-c35a3c471bca,2025-06-28,2025-06,Smiley Fire,['San Bernardino'],36,34.005867,-117.192261,83.0,100.0
d45df9b2-8dc5-4d88-864b-f3a842c8a2fc,2025-01-23,2025-01,Laguna Fire,['Ventura'],56,34.1655,-119.059,83.0,100.0
2bf1f3d9-4cf9-4e44-a9fd-21d8d9846781,2025-09-05,2025-09,Lodge Fire,['San Diego'],37,32.7256,-116.95884,75.0,100.0
89a8a29c-d0d3-4091-b8ca-72ad757148f7,2025-06-22,2025-06,Green Fire,['Alameda'],1,37.7378488,-121.6171198,75.0,100.0
05855e72-f24b-494c-b816-1c4c54193111,2025-06-03,2025-06,Ford Fire,['Fresno'],10,36.7485076,-119.3741071,75.0,100.0
090cbdd1-ed88-4f1b-97a6-235cc420271a,2025-07-06,2025-07,Flume Fire,['Tulare'],54,36.161296,-118.706452,73.0,100.0
c2fc1e28-9afb-497f-99d3-889923a98c95,2025-10-12,2025-10,Black Rock Fire,['San Bernardino'],36,34.063714,-116.393457,72.0,100.0
5672f0d9-db24-48c3-817c-e7b99cf25711,2025-07-13,2025-07,Canon Fire,['Solano'],48,38.2986878,-121.933483,68.1,100.0
426e587d-404d-43dc-a013-913bc5a1f41f,2025-11-02,2025-11,Scissors Fire,['San Diego'],37,33.100441,-116.478846,68.0,100.0
6cd99766-91c5-4519-95dd-602482cd1caf,2025-08-08,2025-08,Berry Fire,['Napa'],28,38.6989922,-122.2707332,68.0,100.0
48f09db4-0701-48f1-88b5-12bcea02289e,2025-05-14,2025-05,Duck Fire,['San Joaquin'],39,37.944835,-120.928401,68.0,100.0
5227a3b1-2574-449d-a60d-2c3f3a791c19,2025-05-05,2025-05,Pioneer Fire,['Tehama'],52,40.2367915,-122.4158944,68.0,100.0
3a26f52a-e198-480a-98bb-6a6f1caf3fc5,2025-05-08,2025-05,Scarlet Fire,['Fresno'],10,36.6034,-120.3885,66.0,100.0
76c3740b-7a9f-48b5-b689-97a3595a96ad,2025-06-23,2025-06,Rodeo Fire,['Contra Costa'],7,38.022773,-122.24052,65.0,100.0
481e4ea4-bbed-4ac9-8d4d-a09787de9d08,2025-05-18,2025-05,Sunset Fire,['Placer'],31,38.824583,-121.349272,65.0,100.0
e54fd92b-fcaf-4483-9f9b-cb1bbb83da7a,2025-09-14,2025-09,Madera Fire,['Madera'],20,37.010829,-120.056215,64.0,100.0
23e3e015-7049-4e65-bbc9-740f3f0c8763,2025-06-16,2025-06,Mission Fire,['Alameda'],1,37.579302,-121.917569,64.0,100.0
2a8b160f-6e69-4e79-848b-e8f77a8cc86c,2025-11-08,2025-11,Border 18 Fire,['San Diego'],37,32.594887,-116.761976,62.0,100.0
d652bbb1-ce43-459a-8dba-605eb426de13,2025-07-18,2025-07,Blue Fire,['Tulare'],54,35.8649,-118.8175,62.0,100.0
6f67ec22-c9db-4f85-af9f-1d65c8102b7c,2025-06-02,2025-06,Vista Grande Fire,['Solano'],48,38.276076,-122.0643336,62.0,100.0
6bcfdaca-6440-42fa-aa12-d0f2d7f74385,2025-09-02,2025-09,Brown Fire,['Sacramento'],34,38.464121,-121.043423,60.0,100.0
cf48f92e-8154-4f92-a003-0df210ed8d4a,2025-07-03,2025-07,Heart Fire,['Fresno'],10,36.210429,-120.085599,60.0,100.0
55e18040-1f91-4e09-9c4a-d46c149c917f,2025-03-08,2025-03,Ranch Fire,['San Bernardino'],36,34.643056,-117.351944,60.0,100.0
117f74f1-b674-4ad1-90ac-de4958715559,2025-05-23,2025-05,Spence Fire,['Yuba'],58,39.118918,-121.331078,58.2,100.0
632408e7-21ae-4c17-93b0-98150158978b,2025-08-05,2025-08,Bridge Fire,['Fresno'],10,36.733265,-120.337696,57.0,100.0
04517066-44b3-4ba0-aab6-be990571c73e,2025-06-02,2025-06,Rector Fire,['Fresno'],10,36.7665646,-119.238331,56.0,100.0
ded457ce-a55b-4d57-8ed4-da2ff5b64a3f,2025-09-06,2025-09,Crump Fire,['Riverside'],33,33.71145,-117.313944,55.0,100.0
6b986ba9-e86a-4c6d-8de5-8c44228793f8,2025-08-23,2025-08,Vail Fire,['Riverside'],33,33.498964,-116.997928,55.0,100.0
a92539ed-ed8f-4143-9f1a-2fb40672d144,2025-05-21,2025-05,Auburn Fire,['San Bernardino'],36,34.590737,-117.465727,54.2,100.0
a5827766-cb05-47eb-b8e4-659ac49fd43e,2025-07-16,2025-07,Debbie Fire,['Lassen'],18,40.092913,-120.111242,54.0,100.0
683d0fec-5b0c-4c62-a8d1-2863f2177f27,2025-06-16,2025-06,Maria Fire,['Ventura'],56,34.338157,-119.068341,54.0,100.0
36182a86-5cd4-4788-a511-addfcb488902,2025-07-19,2025-07,Jury Fire,['Tuolumne'],55,37.916947,-120.356289,53.7,100.0
110f3c65-1507-4c6f-aeee-e9170a835f1f,2025-07-25,2025-07,Shady Fire,['Riverside'],33,33.656632,-116.172565,52.4,100.0
90d8c1b4-9d68-460e-ac08-50d32436ccf9,2025-07-04,2025-07,Elwood Fire,['Fresno'],10,36.811475,-119.383467,52.0,100.0
4ba011be-8053-463f-97a0-225ae21d7ad9,2025-06-28,2025-06,Chance Fire,['San Luis Obispo'],40,35.765157,-120.769914,52.0,100.0
be3d405d-c19a-4c9e-9f17-5284a710d9d8,2025-05-18,2025-05,Walnut Fire,['Contra Costa'],7,37.874694,-121.69861,51.2,100.0
ea201a75-e79c-4ff4-91fb-3ccc9142f1aa,2025-08-02,2025-08,Donovan Fire,['San Luis Obispo'],40,35.527328,-120.508946,51.0,100.0
c7c33e08-b93d-4de0-8394-6ef53d2ce621,2025-08-01,2025-08,Lassen Fire,['Tehama'],52,40.028565,-122.086035,51.0,100.0
ee23cc11-ce64-4edf-83ac-930943e2ed52,2025-07-23,2025-07,Mitchell Fire,['Riverside'],33,33.563156,-116.695847,51.0,100.0
3c0ac68e-5cec-4c96-a322-18bc6e43992c,2025-06-19,2025-06,Hawick Fire,['San Diego'],37,32.828836,-116.8865217,51.0,100.0
9e256520-38d3-4c92-84f5-d09ca04fcd94,2025-09-01,2025-09,S-14 Fire,['Modoc'],25,41.317155,-120.115829,50.0,100.0
9b226bc1-de53-4e6b-abd2-a743d7f1c121,2025-07-20,2025-07,Frontage Fire,['San Bernardino'],36,34.548782,-117.296674,50.0,100.0
c594e5d5-06d5-4f9a-bd37-f2280f9af8f1,2025-07-11,2025-07,Springs Fire,['San Diego'],37,32.7145184,-116.7478188,50.0,100.0
95855b3f-ff88-45cd-8de6-86fa973ac967,2025-06-06,2025-06,Jack Fire,['Kern'],15,35.708223,-120.157902,50.0,100.0
ae42afac-b38f-4d58-968d-d876d5e29ced,2025-06-15,2025-06,Riosa Fire,['Placer'],31,38.9750021,-121.3711948,49.1,100.0
e6f0fbb8-8a04-4969-9dfe-6ff995e1c84c,2025-08-30,2025-08,Tombstone Fire,['Fresno'],10,36.901167,-118.817167,49.0,100.0
aa24ecdd-5b7c-4ef2-8423-dc88687c5965,2025-08-26,2025-08,Butter Fire,['Kern'],15,35.464035,-118.147758,48.0,100.0
c1318018-7d6a-44ba-9e01-568fa18267aa,2025-08-29,2025-08,Peter Fire,['Lake'],17,38.919426,-122.876633,47.0,100.0
9d372a20-0746-4842-bd0f-bff3c34d4bf3,2025-08-24,2025-08,Canal Fire,['Madera'],20,37.097674,-120.029309,46.0,100.0
f8074843-7b89-41ff-b0bb-8d9fb609a236,2025-08-03,2025-08,Oak Fire,['Riverside'],33,34.0005417,-117.1513823,46.0,100.0
799f9d83-3649-4b48-afce-a64ff2fa476e,2025-06-23,2025-06,Grizzly Fire,['Tuolumne'],55,37.783207,-120.26613,46.0,100.0
a347e4a0-e25d-4fd8-aec2-eeb90773fe53,2025-06-21,2025-06,Colvin Fire,['Tulare'],54,36.470737,-119.167075,46.0,100.0
473966df-9c8c-4030-8d6a-3f99304e088f,2025-06-13,2025-06,Airline Fire,['San Benito'],35,36.351124,-120.963426,46.0,100.0
c59e12dd-db75-450d-b3bd-af542dc2372c,2025-08-07,2025-08,Butte Fire,['Modoc'],25,41.955097,-121.120371,45.0,100.0
631c3c90-dfad-4cac-8859-06950210132d,2025-06-12,2025-06,Claro Fire,['San Diego'],37,33.080796,-117.212509,45.0,100.0
0434262e-c6ca-4232-a2b4-ad0f5589b036,2025-01-23,2025-01,Sepulveda Fire,['Los Angeles'],19,34.0968,-118.47541,45.0,100.0
d769e11f-e3dc-479d-853f-f339470d7ca3,2025-09-02,2025-09,Sierra Fire,['Placer'],31,38.862604,-121.21753,44.0,100.0
48c29c55-5fe3-4551-84f3-26498eba7bc3,2025-06-17,2025-06,Howe Fire,['Ventura'],56,34.390543,-118.788721,44.0,100.0
6f61252e-c7f6-4c2b-b445-ffb1a666515d,2025-05-09,2025-05,Anchor Fire,['Fresno'],10,36.704866,-119.30285,43.5,100.0
810ed9c5-010c-4149-ad21-4afaa724d944,2025-05-24,2025-05,Milpas Fire,['San Bernardino'],36,34.413935,-117.102917,43.2,100.0
6155c47b-b61c-48d6-bb2c-6a69a6431761,2025-08-24,2025-08,Point Fire,['Shasta'],45,40.38862,-122.40685,43.0,100.0
bd1877e5-4421-4e52-b4cc-4b863f708c87,2025-06-10,2025-06,McNamara Fire,['Merced'],24,37.228714,-120.457979,43.0,100.0
3b0d8af8-f3c9-4629-8735-641d9f6af3e7,2025-01-09,2025-01,Sunset Fire ,['Los Angeles'],19,34.1105,-118.3536,42.8,100.0
fa144dab-4ddd-45f8-83b6-1a90f50d67b3,2025-08-18,2025-08,Carlos Fire,['San Luis Obispo'],40,35.453419,-120.66952,42.5,100.0
35a51e16-3605-4756-970f-828aeebb8090,2025-07-26,2025-07,3-5 Fire,['Lassen'],18,40.9814,-121.280552,42.5,100.0
e2f7d285-7b47-40c0-802e-b7de9e51da56,2025-01-02,2025-01,Oak Fire,['Santa Barbara'],42,34.883723,-120.246601,42.0,100.0
24e81360-1adc-4698-a555-8889e495116a,2025-08-27,2025-08,5-4 Fire,['Shasta'],45,40.782379,-122.639809,40.5,100.0
be152584-dd03-495a-9f91-e0bf8ececbff,2025-06-17,2025-06,Tule Fire,['Tulare'],54,36.024449,-118.803799,40.4,100.0
d93b91e1-a909-4c1d-ae42-3249ef874b43,2025-08-23,2025-08,Tanabe Fire,['Yuba'],58,39.265104,-121.514636,40.0,100.0
0ac52778-b57a-40d3-a456-a2695c8d1114,2025-07-14,2025-07,Jefferson Fire,['Fresno'],10,36.654009,-120.315699,40.0,100.0
dd9ec694-07b3-45ee-a17f-a1729ef2460d,2025-07-13,2025-07,Marie Fire,['Fresno'],10,36.748969,-120.369387,40.0,100.0
23e74ed4-dda9-4762-bbcf-3e7a339758c0,2025-08-26,2025-08,3-22 Muck Fire,['Lassen'],18,40.97749,-121.227729,39.8,100.0
bb8a6dc1-0875-4144-b56b-07d3796155b3,2025-07-25,2025-07,Pearl Fire,['Kern'],15,35.6182,-118.48813,39.7,100.0
4a9e5bab-2700-4f02-ba6a-6408daff194c,2025-10-11,2025-10,Rock Fire,['Lake'],17,38.885668,-122.44521,39.0,100.0
c59146ec-ab73-416a-b66f-e4b568f5208a,2025-02-28,2025-02,Scout Fire,['San Diego'],37,33.250188,-116.688664,39.0,100.0
ffbf3cae-7cb8-4bed-98ed-fc8a8e512b5e,2025-07-20,2025-07,Trap Fire,['Mariposa'],22,37.514275,-120.012292,38.3,100.0
f6e3470c-a717-4e52-9c88-2be8d359631f,2025-04-18,2025-04,Dunes Fire,['Del Norte'],8,41.804082,-124.220177,37.0,100.0
2d15d2af-d4a5-4f41-a17c-b17e3030ea93,2025-09-26,2025-09,Martell Fire,['Stanislaus'],50,37.906127,-120.732557,36.8,100.0
d5765fe2-4b65-4dcd-8e1e-923926c23d35,2025-09-25,2025-09,Joaquin Fire,['Fresno'],10,36.219908,-120.498195,36.7,100.0
c956becc-63af-4fd1-8aa6-9da2e496d5d5,2025-09-03,2025-09,Forebay Fire,['Butte'],4,39.524747,-121.612192,36.4,100.0
314d2f97-54dd-422b-9864-16135e58a0e3,2025-08-21,2025-08,Cantova Fire,['Sacramento'],34,38.489675,-121.100506,36.3,100.0
25ec6d00-c91d-450d-bd04-73656a96622d,2025-09-17,2025-09,East Fire,['Merced'],24,37.491158,-120.612219,36.0,100.0
0c1912a0-f243-4219-94b9-0c3b96c6de9e,2025-08-25,2025-08,High Fire,['Fresno'],10,36.964445,-119.343755,36.0,100.0
a7ecc916-19c1-4b1a-b018-a0a656526752,2025-06-26,2025-06,Jasper Fire,['Los Angeles'],19,34.4255821,-118.6586194,36.0,100.0
72dd20ec-d741-40bf-b459-43a9ed28bc3d,2025-06-23,2025-06,Washington Fire,['Merced'],24,37.302318,-120.760519,35.0,100.0
67a0c1a1-175f-4ca1-85f4-9ba3245f6880,2025-07-01,2025-07,Peak Fire,['Tulare'],54,36.523445,-118.894072,34.3,100.0
a09db6c1-addb-4985-b09f-79c9dee4dcea,2025-08-27,2025-08,Franciscan Fire,['Shasta'],45,40.472116,-122.181166,34.0,100.0
6c143c7e-d33c-4d0b-b434-d33a13705328,2025-01-15,2025-01,Little Mountain Fire,['San Bernardino'],36,34.154384,-117.32064,34.0,100.0
62a80530-b52c-4fe2-9d3a-d5057db88a6d,2025-09-02,2025-09,Michigan Fire,['Amador'],3,38.379304,-120.986172,33.3,100.0
6289cfc9-cacf-4db5-94a0-0b8b7e8f8895,2025-09-05,2025-09,Springs Fire,['San Bernardino'],36,34.361588,-117.16674,33.0,100.0
f4e57b28-c96e-45bb-bf29-d4844d9abc7d,2025-06-20,2025-06,Rush Fire,['Trinity'],53,40.712794,-122.81401,33.0,100.0
d6fc3032-2416-4bae-b758-76c722c657ad,2025-09-01,2025-09,Springs Fire,['Tehama'],52,40.4017003,-121.8143349,32.0,100.0
e6937d67-d13e-4941-8079-559703c0660d,2025-05-09,2025-05,99 Fire,['Butte'],4,39.55236,-121.688719,32.0,100.0
c3bac26e-e528-48de-ba61-d275d4382bab,2025-07-16,2025-07,Grain Fire,['Tulare'],54,35.91106,-119.03899,31.8,100.0
a587f706-5428-44f7-aa94-ead7be01edac,2025-07-19,2025-07,Willow Fire,['Madera'],20,37.118,-119.932289,31.5,100.0
5ae072be-edb9-4553-afd2-ef8d0108a63d,2025-05-29,2025-05,Paloma Fire,['Merced'],24,37.396908,-120.460411,31.0,100.0
052109ae-c63f-42e5-96db-e0caec9d0796,2025-08-31,2025-08,Stonewall Fire,['Monterey'],27,36.448208,-121.226906,30.6,100.0
cd5d2222-9721-4800-a0b7-604d56b86a93,2025-09-29,2025-09,Vleck Fire,['Sacramento'],34,38.482401,-121.074736,30.0,100.0
e66a9f93-dd3c-41bf-8a95-ec2671bd116f,2025-08-04,2025-08,Santa Fire,['Merced'],24,37.053702,-120.966641,30.0,100.0
86ecd8ea-4e67-400a-970f-c0d7033232ca,2025-08-02,2025-08,Fremont Fire,['San Bernardino'],36,34.429401,-117.653566,30.0,100.0
938c350c-e4c7-43aa-b74a-a60878fac303,2025-06-17,2025-06,Raymond 2 Fire,['Madera'],20,36.98112,-120.034098,30.0,100.0
f24fc520-d285-4223-ace6-e46b93bd26d0,2025-05-29,2025-05,Stadium Fire,['Fresno'],10,36.613311,-119.322764,30.0,100.0
27998576-98a2-4a2d-bc1a-afdf09066ecb,2025-05-27,2025-05,65 Fire,['Kern'],15,35.46115,-119.08242,30.0,100.0
c2159108-ab33-4b74-8ef1-3706df7aecda,2025-01-08,2025-01,Woodley Fire,['Los Angeles'],19,34.17973,-118.47438,30.0,100.0
cb94c161-a4a5-4734-ac55-80bad3ccfc8b,2025-07-15,2025-07,Fobes Fire,['Riverside'],33,33.636667,-116.634361,29.0,100.0
b228fa71-e2c7-4b82-aa46-cefd7f2149fb,2025-08-25,2025-08,Branch 2 Fire,['Fresno'],10,36.950182,-119.34644,28.0,100.0
5e349d97-2863-4b52-a2ed-0f4560d8b1cf,2025-07-09,2025-07,Steele Fire,['San Diego'],37,32.733209,-116.914968,28.0,100.0
f7e153f3-91da-4cc3-a33b-dd7783c36a02,2025-05-14,2025-05,Toro Fire,['Riverside'],33,33.757845,-117.345037,27.8,100.0
d11d8cdb-f0c4-487b-8a1d-bf9e0a64b355,2025-05-18,2025-05,Panoche Fire,['Fresno'],10,36.63874,-120.624598,27.0,100.0
0ae5bd29-1d0f-4a1e-b1cc-400386f7d1b8,2025-05-15,2025-05,Globe Fire,['Santa Barbara'],42,34.886238,-120.593673,27.0,100.0
69d2b787-9eed-431c-87d3-e584ca37e464,2025-07-04,2025-07,Sabe Fire,['San Benito'],35,36.801216,-121.271644,26.7,100.0
c75674f5-5290-49b0-aafc-8d5c24add457,2025-06-29,2025-06,Kenyon Fire,['Shasta'],45,40.54094,-122.40611,26.0,100.0
13a5b063-02bb-4f53-b110-928f98d2fa27,2025-06-22,2025-06,Rock Fire,['Merced'],24,37.515906,-120.452933,26.0,100.0
9666b843-8126-4a70-a753-93711f782529,2025-05-18,2025-05,Corn Fire,['Fresno'],10,36.661361,-119.14466,26.0,100.0
b6bba77b-4892-4f29-832b-04a58a1ba9b1,2025-04-19,2025-04,Canyon Fire,['Merced'],24,36.991952,-120.908311,26.0,100.0
1693e271-6411-4c4e-a83f-af66f94ca823,2025-07-01,2025-07,Quarry Fire,['San Joaquin'],39,38.308538,-120.970323,25.9,100.0
462ddd93-568f-4a64-bb6a-4825e2503d3f,2025-09-17,2025-09,Pass Fire,['Tulare'],54,36.20052,-118.181595,25.7,100.0
8a3c1044-8b32-40f7-8036-c87890c6d0b3,2025-06-21,2025-06,Clark Fire,['Butte'],4,39.619667,-121.628921,25.3,100.0
c3f6d925-9839-4139-baad-2765138f45db,2025-09-02,2025-09,Park Fire,['Monterey'],27,35.945333,-120.3755,25.0,100.0
f6fd378d-cb6e-429a-b871-7f9bcc82025a,2025-08-08,2025-08,Philadelphia Fire,['Riverside'],33,34.033455,-117.50691,25.0,100.0
33d6cf9b-2d77-4039-baac-19b90988f804,2025-08-01,2025-08,4-8 Fire,['Modoc'],25,41.319441,-120.747715,25.0,100.0
080119cb-3fea-4f59-91bd-1cb0a3f98fe3,2025-06-13,2025-06,Rica Fire,['Yuba'],58,39.27736,-121.479804,25.0,100.0
4eef0191-65aa-46a0-8227-d1553896a5b0,2025-01-02,2025-01,Border Fire,['San Diego'],37,32.59853,-116.82817,25.0,100.0
0f725e7d-48e5-4fdd-9671-c62a5e0ab18f,2025-07-19,2025-07,Coulter Fire,['El Dorado'],9,38.55184,-121.004153,24.9,100.0
c7565eb5-c12d-4401-ae8f-aeb3cc41b605,2025-07-25,2025-07,W-2 Fire,['Modoc'],25,41.392519,-120.43839,24.7,100.0
9292651d-1137-42aa-8d50-982437246e91,2025-07-01,2025-07,Perch Fire,['Siskiyou'],47,41.920673,-122.4204,24.4,100.0
b6055b28-a825-4be5-a9ef-a5f63f377cb4,2025-09-04,2025-09,Billy Fire,['Merced'],24,37.020145,-120.99063,24.3,100.0
fb38fa74-9a89-4e09-a208-aaa84ad5656d,2025-07-12,2025-07,Parkway Fire,['Sacramento'],34,38.493586,-121.09374,24.2,100.0
4bf75173-5605-4990-8525-233af5de2f70,2025-06-05,2025-06,Juan Fire,['San Luis Obispo'],40,35.386609,-120.1656,24.2,100.0
0e752865-9282-4376-a47b-a01b3137198e,2025-10-07,2025-10,Sandia Fire,['San Diego'],37,33.444583,-117.264357,24.0,100.0
d9b216b4-4c0d-4756-b37f-a463cedca03d,2025-08-31,2025-08,Kettle Fire,['Fresno'],10,36.9397,-118.7677,24.0,100.0
b693a737-9d35-4881-bd17-d6d548c86ad1,2025-08-27,2025-08,Parkville Fire,['Shasta'],45,40.43326,-122.188718,24.0,100.0
270ab2cc-1c68-4ffc-a7b2-5990bebe1de6,2025-08-26,2025-08,3-27 Fire,['Lassen'],18,41.088854,-121.057196,24.0,100.0
b73f17b3-812a-48d1-8392-f96c65f4ad8a,2025-08-04,2025-08,Mckinley Fire,['Fresno'],10,36.778239,-120.657099,24.0,100.0
6292b9d7-ea32-4342-b869-c04244c71224,2025-05-30,2025-05,Hensley Fire,['Madera'],20,37.100283,-119.883749,24.0,100.0
4e227d77-89e7-4979-9939-fcc5ffa68845,2025-10-07,2025-10,School Fire,['San Mateo'],41,37.320463,-122.366039,23.5,100.0
c9efe369-7ff1-463a-82a1-076732c3e4df,2025-09-14,2025-09,Hunt Fire,['Calaveras'],5,38.021791,-120.775674,23.3,100.0
310efa03-a8be-465b-b30f-102a76b15080,2025-07-24,2025-07,Posta Fire,['San Diego'],37,32.667663,-116.430132,23.0,100.0
66bbfc0a-d8a9-4bb3-b4af-e0b891083c48,2025-06-11,2025-06,Lake Fire,['Kern'],15,35.116076,-119.30306,23.0,100.0
ad8a290a-744d-498e-b4e9-b94f78b5e146,2025-08-21,2025-08,Watson Fire,['Santa Clara'],43,37.084305,-121.644112,22.8,100.0
7704bb91-db3a-4a24-b125-1b0e689fca4e,2025-05-15,2025-05,Acampo Fire,['San Joaquin'],39,38.148511,-121.040983,22.1,100.0
d598137f-a3d8-47c3-beb4-8a3b4fcb4084,2025-09-22,2025-09,Uphill Fire,['El Dorado'],9,38.827689,-120.998424,22.0,100.0
68594725-8904-4e2d-83aa-ab833f666deb,2025-07-18,2025-07,Stetson Fire,['Riverside'],33,33.729228,-117.076401,22.0,100.0
6655119d-7259-4e18-bc85-85f95e590d2a,2025-06-16,2025-06,Mission 2 Fire,['San Diego'],37,33.304144,-117.222897,21.4,100.0
6d0de3a4-b1e2-4869-a2ae-f624a4e0d3f5,2025-07-26,2025-07,Green Fire-RRU,['Riverside'],33,33.882719,-117.641517,21.0,100.0
b4d57fe0-8b23-4c00-9b32-140f485698ec,2025-07-15,2025-07,Piedra Fire,['Fresno'],10,36.745812,-119.450866,21.0,100.0
510ca45e-10ff-4440-82ea-e02a312fc631,2025-09-08,2025-09,Lake Fire,['Lassen'],18,40.375587,-120.48818,20.8,100.0
8a82fc3c-9e5b-4498-b59f-6e11eacdd7ce,2025-07-24,2025-07,4-1 Fire,['Modoc'],25,41.459967,-120.924262,20.7,100.0
4782d694-390c-4f8a-8e9f-d34cb123216b,2025-08-28,2025-08,Hutton Fire,['San Luis Obispo'],40,34.990911,-120.437696,20.5,100.0
9ebacc83-5d1a-4ef4-b62d-65792274abb6,2025-06-15,2025-06,Heaven Fire,['Siskiyou'],47,41.829538,-122.655185,20.1,100.0
be4c1c64-9b6c-4d40-bbfc-f4b8b24804a5,2025-08-23,2025-08,Anderson Fire,['Madera'],20,37.067374,-119.620204,20.0,100.0
0fe66384-ed74-40d2-8cef-f78ee5e7fbd8,2025-07-15,2025-07,High Fire,['Fresno'],10,36.66331,-119.786,20.0,100.0
686318b6-46bf-41f4-b9ce-c935c4e875fc,2025-07-13,2025-07,Ivory Fire,['Glenn'],11,39.574,-122.707,20.0,100.0
406739ea-78f6-4255-9697-d6fc2e73ba59,2025-07-10,2025-07,Moore Fire,['Placer'],31,38.873631,-121.322879,20.0,100.0
543374ff-d1c3-4c76-9ca4-3086a9598ad7,2025-07-09,2025-07,Button Fire,['Fresno'],10,36.654779,-119.435896,20.0,100.0
492a3401-c34b-4778-82a1-924934025dd1,2025-06-29,2025-06,Marysville Fire,['Yuba'],58,39.382915,-121.151358,20.0,100.0
daf2547e-0b0a-4876-b073-58c2a9655725,2025-06-25,2025-06,Montana Fire,['Siskiyou'],47,41.627217,-122.365602,20.0,100.0
0d2c4259-7d63-4c13-99e8-881d2d64c9bc,2025-06-20,2025-06,Pilitas Fire,['San Luis Obispo'],40,35.351553,-120.496248,20.0,100.0
186bed99-513f-46f0-9b12-8eae54434060,2025-06-19,2025-06,Cut Fire,['Kings'],16,36.07288,-120.102299,20.0,100.0
f71c1c56-b75f-4afa-bb35-8d65ed87bc9b,2025-06-12,2025-06,River Fire,['Madera'],20,36.858259,-120.442537,20.0,100.0
a2c5a778-4896-4812-ba19-1e966a2aa253,2025-06-10,2025-06,Bethany Fire,['Los Angeles'],19,34.2,-118.309,20.0,100.0
d8c67864-71fe-44f7-b36c-0e18df46af61,2025-06-06,2025-06,Perez Fire,['Fresno'],10,36.766702,-120.384115,20.0,100.0
e3bc74fc-b0a6-4580-9a6e-4988f3e15376,2025-05-20,2025-05,Phillips Fire,['Merced'],24,37.03473,-120.818154,20.0,100.0
34d330e6-6eab-4527-b350-3616b17fcff0,2025-05-10,2025-05,Cherokee Fire,['Tulare'],54,36.4213337,-118.9149505,20.0,100.0
f0f3d279-102e-42f2-a8ab-824dd1240549,2025-06-28,2025-06,Llano Fire,['San Luis Obispo'],40,35.489202,-120.720399,19.6,100.0
c3f60dde-0a15-4a38-b176-26182671e5c4,2025-08-29,2025-08,Scott Fire,['Lake'],17,39.043833,-122.972167,19.4,100.0
89f1e05a-5652-451a-8c41-4d65df907617,2025-06-09,2025-06,Feather Complex Fire,['Plumas'],32,39.8913619,-121.2897146,19.4,100.0
be139824-1afe-4cb0-92fd-83eca05e577b,2025-06-02,2025-06,Cottonwood Fire,['Siskiyou'],47,41.923333,-122.566666,19.4,100.0
8a5549c9-2dd3-448e-8b57-46c7e646ac99,2025-10-21,2025-10,Grove Fire,['Mariposa'],22,37.357481,-119.870253,19.2,100.0
d882a22e-f9b8-43c9-a378-bfe462e34f4c,2025-05-24,2025-05,Rifle Fire,['Fresno'],10,36.944525,-119.676186,19.1,100.0
88e7a844-f124-44ea-8000-35da04017bcd,2025-10-27,2025-10,Gyle Fire,['Tehama'],52,40.001361,-122.275786,19.0,100.0
9fd8ec22-00ac-4d40-919a-673171e2e5db,2025-10-18,2025-10,Parkmead Fire,['Riverside'],33,33.861292,-116.561245,19.0,100.0
210bd886-cea4-4916-9d04-7bd28063c8dd,2025-09-03,2025-09,Granite Fire,['Butte'],4,39.890933,-121.451769,19.0,100.0
238f0a06-c6ef-46b9-9917-f0034f83d142,2025-09-01,2025-09,Pump Rd / Woo Rd Fire,['Merced'],24,36.931478,-120.809789,19.0,100.0
c0d28e66-6e9d-4b11-b35c-6b6faced0038,2025-08-24,2025-08,Sky Fire,['Lake'],17,38.89991,-122.527007,19.0,100.0
3630f3bb-9d85-46d2-9a24-bbfd8286055f,2025-07-10,2025-07,Madera Fire,['Riverside'],33,33.50064,-117.01089,19.0,100.0
f2ea3802-fc3e-4475-b248-7b8a5db23e20,2025-06-29,2025-06,Cable Fire,['San Bernardino'],36,34.22809,-117.374501,19.0,100.0
997830f3-c5df-46be-9f26-fa6d802bb6ad,2025-06-29,2025-06,Turner Fire,['Merced'],24,37.157274,-120.700946,19.0,100.0
a93eab36-e8a3-4a4e-be4d-2372e3ba4957,2025-01-10,2025-01,Archer Fire,['Los Angeles'],19,34.3087,-118.5111,19.0,100.0
6f534590-a9fd-46e2-b408-e58a3d7261de,2025-07-04,2025-07,Cowden Fire,['San Benito'],35,36.809334,-121.390959,18.5,100.0
249fb1ec-a4f7-4140-86cf-251ef00f4eeb,2025-08-04,2025-08,Eden Fire,['Alameda'],1,37.7023074,-122.023919,18.0,100.0
08cb4a51-41b2-4be7-bf9b-6dc1fab5169f,2025-07-10,2025-07,Reche Fire,['Riverside'],33,33.95918,-117.191827,18.0,100.0
2c50aa25-713b-415c-b041-a866ab86c521,2025-07-05,2025-07,Sanderson Fire,['Riverside'],33,33.787296,-117.006785,18.0,100.0
3f92262b-599b-4753-a002-f514ab1e36ab,2025-06-09,2025-06,Antonio Fire,['Santa Clara'],43,37.353834,-121.554371,18.0,100.0
9999500b-3028-440f-b23e-e3455b10755f,2025-09-01,2025-09,Tracy Fire,['Shasta'],45,40.40398,-122.31726,17.8,100.0
d8027cd6-0b3f-480c-a090-ce2e5360d903,2025-07-06,2025-07,Van Clief Rd Stevenson Fire,['Merced'],24,37.288251,-120.833366,17.7,100.0
8c2e4c76-3096-4030-b96e-2ec0238a0c29,2025-10-07,2025-10,Muck Fire,['Lassen'],18,40.986657,-121.264818,17.5,100.0
05a1d89c-3180-4833-b7c2-93801a7bff87,2025-08-04,2025-08,Cool Fire,['San Diego'],37,33.213005,-117.002097,17.4,100.0
b595bc7e-fc8a-43da-afea-b84e20909a97,2025-07-16,2025-07,Baker Fire,['Tehama'],52,40.3125,-122.578667,17.0,100.0
62259ad8-31b4-4198-aed3-09f8294688b8,2025-06-16,2025-06,Elm Fire,['Monterey'],27,36.285576,-121.288116,17.0,100.0
ed4aad14-a112-44f6-8238-cf573ad1da49,2025-06-15,2025-06,Oak Fire,['Fresno'],10,37.029083,-119.521241,17.0,100.0
29ba0d62-b0a1-456b-b45a-3a903e11533d,2025-05-05,2025-05,Putah Fire,['Solano'],48,38.492882,-122.004577,16.8,100.0
74af6e1b-0ca9-4094-869d-ecae0a778cfb,2025-01-21,2025-01,Pala Fire,['San Diego'],37,33.363226,-117.162897,16.8,100.0
1d4b5639-9ac4-42de-8f20-9884ed8f6657,2025-06-05,2025-06,Sabe Fire,['San Benito'],35,36.800358,-121.274403,16.7,100.0
1e07aada-6a3c-47be-8dc9-f6db9ff596f6,2025-09-08,2025-09,Sycamore Fire,['Riverside'],33,33.594925,-116.940637,16.1,100.0
08f5737e-f8fb-4b58-972f-6cd8aeed2419,2025-08-26,2025-08,Mesa Fire,['Tuolumne'],55,37.891253,-120.488153,16.1,100.0
e34f6f9c-fd60-486f-96c1-c30aaaf52ffc,2025-07-17,2025-07,Little Fire,['Lassen'],18,41.12607,-120.932333,16.1,100.0
6d86f896-f2e9-4189-b816-239b65f58d26,2025-02-09,2025-02,Cross Fire,['Monterey'],27,35.945458,-121.117684,16.1,100.0
b8ef214b-a9a6-4138-bab9-6ebe1e502669,2025-09-09,2025-09,Fantasy Fire,['Tulare'],54,36.056176,-118.930008,16.0,100.0
129fd6b8-e9df-483c-9d7b-c21969377634,2025-09-01,2025-09,Valley Fire,['El Dorado'],9,38.72489,-121.032,16.0,100.0
f77059ce-71e5-429e-867c-3cb616e94659,2025-08-29,2025-08,Garden Fire,['Siskiyou'],47,41.31546,-123.23382,16.0,100.0
ed9b3543-756f-4a0a-9e21-d49b318a8874,2025-08-05,2025-08,Calaveras Fire,['Alameda'],1,37.576408,-121.864915,16.0,100.0
8690b495-e0ed-42db-93b8-9a1b521a4152,2025-08-05,2025-08,Keith Fire,['Riverside'],33,33.602245,-117.134907,16.0,100.0
4172fad3-c130-4607-a91c-f18612dfb07b,2025-07-29,2025-07,19 Fire,['Madera'],20,37.07642,-120.202377,16.0,100.0
dcbcd806-0402-4989-bc61-a3391604f956,2025-07-03,2025-07,Snelling Fire,['Merced'],24,37.471435,-120.501308,16.0,100.0
8cce41e0-a556-4472-b351-9d835122e9dc,2025-06-04,2025-06,Quail Fire,['Shasta'],45,40.542584,-122.274206,16.0,100.0
4a5efe57-a4a1-4e52-9db5-1d592f156ea0,2025-09-09,2025-09,Nella Fire,['Merced'],24,37.056509,-120.969345,15.8,100.0
6fdf7f24-d7b7-42f9-a81e-4f746d24607d,2025-09-01,2025-09,Ellie Fire,['Los Angeles'],19,34.545175,-119.106092,15.8,100.0
77de68c2-06ae-486e-9624-5cb82edfe1b4,2025-07-05,2025-07,Pomo Fire,['Lake'],17,39.139455,-122.881426,15.5,100.0
d8b9c4f8-d96c-43d3-bf53-a97420332b75,2025-03-12,2025-03,Aha Quin Fire,['Riverside'],33,33.732521,-114.510789,15.5,100.0
d34cc9cd-2663-483f-a11e-c2da18f0d289,2025-12-04,2025-12,Beaver Fire,['Amador'],3,38.4835,-120.347667,15.3,100.0
3efab425-a77d-48e1-a7d2-31d2de991864,2025-08-12,2025-08,Perez Fire,['Modoc'],25,41.714,-121.286667,15.3,100.0
39a92f5a-8c43-465a-afa7-17cae1e7e271,2025-08-06,2025-08,Jewel Fire,['Madera'],20,37.08471,-119.757059,15.0,100.0
94ed6ea4-43db-40e4-bf0b-cad6fa718372,2025-07-01,2025-07,Brown Fire,['Solano'],48,38.430903,-122.045526,15.0,100.0
1d1fe063-d67c-41f3-837b-99d7da818aa2,2025-06-25,2025-06,Dry Fire,['Mono'],26,37.720963,-118.966856,15.0,100.0
d658643f-eaa9-45a5-9e45-67b9d9b3e01e,2025-06-16,2025-06,Vista Fire,['Riverside'],33,33.817645,-116.865296,15.0,100.0
9962bc8d-5341-4f8e-a271-78d1d9a64c12,2025-05-23,2025-05,Orange Fire,['Fresno'],10,36.624674,-119.322692,15.0,100.0
e6656c72-2905-43bb-b838-74c36adcd257,2025-04-28,2025-04,County Fire,['Siskiyou'],47,41.92216,-121.3501,15.0,100.0
805b0f33-c6d9-4aa4-b3c1-e067b490bed6,2025-04-24,2025-04,Laporte Fire,['Yuba'],58,39.516462,-121.19237,15.0,100.0
6a2b37ec-72e0-4e4f-8836-7176f05a9f62,2025-04-17,2025-04,Boyd Fire,['Imperial'],13,32.9021295,-115.2930033,15.0,100.0
56ea5974-d922-41cf-9cf6-ef7372a32b44,2025-04-08,2025-04,Wildrose Fire,['San Bernardino'],36,34.7001802,-117.1823536,15.0,100.0
8d927633-20e5-4938-871e-8903dec1045f,2025-05-23,2025-05,Guadalupe Fire,['Santa Clara'],43,37.2106583,-121.8947894,14.8,100.0
69a4e5f7-b848-41b6-a707-a0f6c5f56dde,2025-08-29,2025-08,South Constantia Fire,['Lassen'],18,39.941076,-120.004618,14.5,100.0
da5d92f0-bdba-46d6-bd78-857153ff630c,2025-08-07,2025-08,Farm Fire,['Shasta'],45,40.409513,-122.52078,14.5,100.0
34e4304f-08ba-4f21-a702-4194334667d8,2025-07-25,2025-07,Sliger Fire,['El Dorado'],9,38.943781,-120.926046,14.4,100.0
14822539-1d7f-48be-b38f-b19bcb0d742f,2025-03-12,2025-03,Range Fire,['Santa Barbara'],42,34.738888,-120.574436,14.2,100.0
04e9f4df-71c5-44e7-af1d-82e24f1c1933,2025-09-07,2025-09,Aqueduct Fire,['Kern'],15,35.223722,-118.118136,14.0,100.0
d6757966-5b8c-425d-8673-9c0d3f6c569c,2025-07-11,2025-07,Kirker Fire,['Contra Costa'],7,37.982895,-121.898942,14.0,100.0
d4c0aebc-cfdf-4b78-abce-dd7fbd3e7042,2025-06-27,2025-06,Springs Fire,['Siskiyou'],47,41.5625133,-122.3668324,14.0,100.0
990f3704-6b5e-4069-a709-a7fd401ae3fe,2025-06-20,2025-06,Ruth Fire,['Fresno'],10,36.723722,-119.147595,14.0,100.0
59f47699-1014-4dc6-9349-7c1372e64221,2025-04-07,2025-04,Hillcrest Fire,['Kern'],15,35.38229,-118.90064,14.0,100.0
15701491-c78d-4cef-af34-06398c665132,2025-09-25,2025-09,Baldy Fire,['Mendocino'],23,39.926657,-123.341945,13.5,100.0
2041e6f5-b306-427a-ae1a-57cc8d135250,2025-09-05,2025-09,Walnut Fire,['San Luis Obispo'],40,35.233355,-120.754223,13.5,100.0
814f890b-75ab-443d-9cdf-badffd41e9f9,2025-08-30,2025-08,Coach Fire,['Monterey'],27,36.805649,-121.561084,13.4,100.0
717fbc19-c59b-4e59-ab00-bfd9d28006ef,2025-08-26,2025-08,Kibbie Fire,['Tuolumne'],55,38.028263,-119.824371,13.4,100.0
6b40be2c-f184-4b2b-a784-a140a3cd31de,2025-07-06,2025-07,Bartlett Fire,['Lake'],17,39.165061,-122.613599,13.4,100.0
aa2daeb0-ecc2-419d-b413-915a32ad8d62,2025-06-11,2025-06,Lobinger Fire,['Tehama'],52,39.943968,-122.211579,13.3,100.0
d6d4577f-661b-42c1-8fb8-90ff55f60844,2025-09-13,2025-09,Shale Fire,['Solano'],48,38.458292,-122.056304,13.1,100.0
75c850b6-27a5-493e-aaef-a42e02b2eab4,2025-09-25,2025-09,Lost Fire,['Ventura'],56,34.301578,-118.751784,13.0,100.0
a1f25049-f72b-455b-9fc3-1a9f0a5fa3f6,2025-09-10,2025-09,Buell Fire,['Shasta'],45,40.474673,-122.619388,13.0,100.0
afeee627-e908-40e0-918d-885d3259b147,2025-08-29,2025-08,Grant Fire,['Alameda'],1,37.740292,-121.585802,13.0,100.0
5dbdfbfb-070b-4de1-8c40-c68341ae8605,2025-08-04,2025-08,Midway Fire,['San Luis Obispo'],40,35.222269,-120.103532,13.0,100.0
a59d32cc-2d6d-4440-a666-13e425d335aa,2025-07-22,2025-07,Orange Fire,['Stanislaus'],50,37.789557,-120.744427,13.0,100.0
ad2c68a3-7e84-4da9-aa45-32831db93a91,2025-07-14,2025-07,Chowchilla Fire,['Madera'],20,37.098778,-120.265957,13.0,100.0
059fbe95-ec41-4a58-9b48-475061f42517,2025-05-09,2025-05,Grande Fire,['Stanislaus'],50,37.462643,-121.183569,12.9,100.0
63aead75-03bc-41a2-aeab-fc3b7d577a19,2025-10-11,2025-10,Dart Fire,['Tulare'],54,36.066607,-118.966173,12.7,100.0
a93d0a70-3bc0-4871-8174-9244ef286600,2025-08-17,2025-08,Hadley Fire,['Madera'],20,37.214319,-119.56892,12.7,100.0
8624e244-bdfb-4faf-b0bd-c7daf549633f,2025-08-12,2025-08,Utah Fire,['Mariposa'],22,37.573647,-120.126968,12.7,100.0
45da254c-b880-463d-b7c0-8b3daa08d8a0,2025-05-20,2025-05,Sargent Fire,['Monterey'],27,35.952527,-120.859456,12.7,100.0
48a9cb94-d7ee-482e-a4fe-274f5b20d1ac,2025-08-26,2025-08,H-10 Fire,['Shasta'],45,40.737144,-121.330697,12.6,100.0
18af619f-4885-40d4-8cff-7001f2b6130a,2025-06-19,2025-06,Band Fire,['Mariposa'],22,37.644013,-120.32096,12.5,100.0
e46c8db3-3b39-463e-90f6-3a805431af3e,2025-06-05,2025-06,Fink Fire,['Stanislaus'],50,37.39594,-121.145689,12.5,100.0
c5a3cf01-9174-47e7-b646-03834502dd4d,2025-06-30,2025-06,Blanca Fire,['Madera'],20,37.041595,-119.761885,12.4,100.0
d8faf459-c016-4748-a700-8b3a55031d79,2025-10-07,2025-10,Nichols Fire,['Nevada'],29,39.101047,-121.251881,12.3,100.0
793418f8-d217-44c3-8409-617b2a3107a2,2025-09-26,2025-09,Cobb Fire,['Humboldt'],12,40.463864,-123.527677,12.2,100.0
bd5030d1-9bee-402b-81c2-0509dc67356d,2025-07-12,2025-07,Stardust Fire,['Placer'],31,38.882558,-121.247136,12.2,100.0
4b917f26-a403-4f61-96d4-d861d50ddd4e,2025-09-20,2025-09,Pippo Fire,['Solano'],48,38.416028,-122.003395,12.0,100.0
14e4411e-04ff-401d-97b8-7bbd6217244f,2025-08-26,2025-08,Murphy Fire,['Siskiyou'],47,41.211359,-123.173767,12.0,100.0
c8df0d76-a014-495f-be50-250593d901ef,2025-08-09,2025-08,Mariposa Fire,['San Bernardino'],36,34.325756,-117.477459,12.0,100.0
6b9366ba-bd79-4e04-b486-23fed65a6a2f,2025-08-02,2025-08,Rush Fire,['Mariposa'],22,37.770605,-120.038987,11.8,100.0
9bfdc8b5-0d7a-4d02-a19b-ceef70afacc3,2025-06-19,2025-06,Iverson Fire,['Monterey'],27,36.527575,-121.41631,11.4,100.0
949a2c98-c78a-4af3-b26e-f17238cba107,2025-10-15,2025-10,Ranch Fire,['Tulare'],54,36.025508,-118.843604,11.3,100.0
fbffffd7-48c4-4770-a7ef-2155b6d054ed,2025-08-24,2025-08,Look Fire,['Tulare'],54,36.536667,-118.909333,11.3,100.0
65bba8de-90eb-4af0-853c-7920557d4303,2025-06-11,2025-06,Greilich Fire,['Amador'],3,38.454,-120.889,11.3,100.0
7a358a73-e272-4675-9046-9cc2c9fca091,2025-04-15,2025-04,33 Fire,['Kern'],15,35.120005,-119.43823,11.3,100.0
fa5f5923-ea10-4b02-93d4-b0ed55684942,2025-06-09,2025-06,Letter Fire,['Plumas'],32,39.8933,-121.287,11.1,100.0
92dad1c8-af50-47f9-93d9-dc7fca758455,2025-08-08,2025-08,North Fire,['Lake'],17,38.994765,-122.680639,11.0,100.0
41af5239-6953-44a1-b5f5-e51a296b0c43,2025-07-05,2025-07,Chow1 Fire,['Madera'],20,37.136643,-120.226007,11.0,100.0
ca0402e9-9abd-4463-8187-074d9fcab146,2025-05-25,2025-05,Gun Fire,['Fresno'],10,36.622453,-120.657656,11.0,100.0
8ea1537d-2560-4d08-bfe0-060cf5275e54,2025-01-08,2025-01,Olivas Fire,['Ventura'],56,34.244456,-119.2567768,11.0,100.0
c3e0b57e-f5b9-41e0-b9ec-eb524797c874,2025-01-08,2025-01,Tyler Fire,['Riverside'],33,33.706565,-116.164126,11.0,100.0
3f461214-6919-46f3-b160-fd0dc32d0689,2025-08-26,2025-08,6-3 Fire,['Butte'],4,39.523797,-121.650849,10.9,100.0
958027b6-fb08-4446-a276-0696bb0bf778,2025-09-02,2025-09,Copper Fire,['Amador'],3,38.484002,-121.007605,10.7,100.0
1594de54-e7b8-48ea-8869-ece45db609e9,2025-05-24,2025-05,Southside Fire,['San Benito'],35,36.77321,-121.345501,10.6,100.0
a8e68f07-1d49-4baf-b6be-9807c5459bc9,2025-07-16,2025-07,Foster Fire,['Shasta'],45,40.388446,-122.541885,10.5,100.0
0491500f-f692-4f2b-8ea4-6cef3134d875,2025-09-11,2025-09,Elephant Fire,['Tulare'],54,35.99553,-118.48688,10.4,100.0
ce483b9d-a84b-486a-b8c6-fb271795d49b,2025-11-09,2025-11,Highline Fire,['Imperial'],13,32.901984,-115.293446,10.3,100.0
90ce6dac-d2df-4fd4-a228-53dbabe869aa,2025-09-02,2025-09,Orange Fire,['Tehama'],52,39.960829,-122.164789,10.2,100.0
f9818c6f-7638-4425-96ef-1ba8703c127f,2025-08-06,2025-08,Van Vleck Fire,['Sacramento'],34,38.483838,-121.074404,10.2,100.0
a5bbfa60-7ac3-4bb2-95fc-3122598ea125,2025-06-20,2025-06,Raven Fire,['Siskiyou'],47,41.883057,-122.439466,10.2,100.0
e291bb03-c0ad-411c-b616-4327c9032095,2025-05-19,2025-05,Gunsmoke Fire,['Tehama'],52,40.1624,-122.5868,10.2,100.0
5798325d-b91c-42eb-a9bd-159d52cbd8db,2025-05-06,2025-05,Matthew Fire,['Nevada'],29,39.067758,-121.273365,10.2,100.0
e0a4553b-e334-4136-8b2d-2a82e4fe2a66,2025-09-03,2025-09,Porter Fire,['Placer'],31,39.013895,-121.340233,10.1,100.0
178b7844-a934-45b4-8f9a-e83dda369eaf,2025-09-02,2025-09,Fuel Fire,['Fresno'],10,37.044697,-119.472565,10.1,100.0
f0ce9509-7f67-4063-9e46-0d5395a7fc99,2025-09-03,2025-09,16-4 Fire,['Yuba'],58,39.342777,-121.350555,10.0,100.0
bb9b7499-20f7-4511-879f-b9b14c82f146,2025-09-02,2025-09,F22 Fire,['Fresno'],10,35.944667,-120.349833,10.0,100.0
12bda901-0709-4358-b92f-95949e776973,2025-09-01,2025-09,Palo Fire,['Alameda'],1,37.689612,-122.020693,10.0,100.0
f8959720-f626-4d96-8e3d-6a58560e934e,2025-08-30,2025-08,Edgewood Fire,['San Mateo'],41,37.443956,-122.265569,10.0,100.0
eb382b3b-d965-4bae-a906-c1bde34d4ec5,2025-08-26,2025-08,Grade Fire,['Siskiyou'],47,41.217878,-121.590689,10.0,100.0
4d5d4b02-54e9-4c85-88d9-defe7c93e56d,2025-08-05,2025-08,Camel Fire,['Solano'],48,38.054161,-122.135164,10.0,100.0
21cd718c-9ec8-4f5b-a65b-bcf3d1c03450,2025-08-02,2025-08,Radar Fire ,['Modoc'],25,41.7203467,-121.1305479,10.0,100.0
1fa0e0a7-9161-422c-9742-f705a0c92828,2025-07-26,2025-07,Hoffman Fire,['Kern'],15,35.300512,-118.000889,10.0,100.0
84026364-cfae-4482-b14b-b749a71d5ddb,2025-07-22,2025-07,Stokes Fire ,['Tulare'],54,36.518055,-119.196666,10.0,100.0
0dfbed5a-c4ff-4d44-a777-ede21cc385ac,2025-07-14,2025-07,Fandango Fire,['Modoc'],25,41.79792,-120.19432,10.0,100.0
f7583812-6b99-4429-9ee1-cb016865ba44,2025-07-12,2025-07,Island Fire,['Fresno'],10,36.864545,-119.315821,10.0,100.0
b7168e23-a985-4e7e-b870-22006a55a069,2025-07-09,2025-07,Pickup Fire,['Madera'],20,37.244233,-119.731216,10.0,100.0
f7b79536-9a39-4b11-b880-004d0b554cd5,2025-06-27,2025-06,Parlier Fire,['Fresno'],10,36.611927,-119.516953,10.0,100.0
867acd06-a71c-4c21-b062-a8e4ddc71afc,2025-06-16,2025-06,Raymond Fire,['Madera'],20,36.982098,-120.03479,10.0,100.0
eb2e3d29-afa3-4e95-8393-7a2580e337ad,2025-05-02,2025-05,Eastman Fire,['Madera'],20,37.2304128,-119.9868107,9.8,100.0
2f318308-6d04-4f05-8834-9f7cdce2383a,2025-07-27,2025-07,Needles Fires,['San Bernardino'],36,34.828072,-114.583454,9.5,100.0
2aa79a44-8202-4483-bee9-4e8315f8e76e,2025-06-23,2025-06,Ward Fire,['Lassen'],18,40.396723,-120.42736,9.5,100.0
ed541421-5044-45d6-b1ea-d00b6a84a863,2025-06-16,2025-06,Flume Fire,['Tuolumne'],55,38.002498,-120.428245,9.5,100.0
27b9f8cd-a1b4-4bb9-8f2a-2e75322ba48e,2025-10-29,2025-10,Sophie Fire,['Riverside'],33,33.756323,-117.273098,9.3,100.0
29275d9b-f736-4c1c-90c2-e13248e300a4,2025-07-06,2025-07,Sage Fire,['Riverside'],33,33.929799,-117.186627,9.1,100.0
6d5a6244-9219-4c4f-b525-f0d248630af8,2025-07-04,2025-07,Walnut Fire,['Fresno'],10,36.70169,-119.808899,9.0,100.0
06a7c71b-03ff-4c7b-aff8-1d8bcf3c9def,2025-02-26,2025-02,Penny Fire,['San Diego'],37,32.922111,-116.475667,9.0,100.0
62e3eb77-4a7a-4a50-83c2-c112dbaa651d,2025-10-22,2025-10,Slope Fire,['Tulare'],54,35.909937,-118.765302,8.0,100.0
21999b62-a462-4885-a870-4409459e4e16,2025-06-30,2025-06,Cherry Fire,['Solano'],48,38.336187,-122.02472,8.0,100.0
6568707c-d456-47e3-8919-27f6dd6d1167,2025-09-02,2025-09,4-1 Fire,['Sacramento'],34,38.438081,-121.048558,7.6,100.0
89621310-6279-4225-8a78-d7bc1436f88b,2025-08-07,2025-08,Real Fire,['Riverside'],33,34.015644,-117.453354,7.4,100.0
ebae5593-bef6-47e4-b2a2-5762997ad972,2025-06-05,2025-06,Grade Fire,['Monterey'],27,36.520325,-121.757033,7.1,100.0
784ab1c3-c83e-44a8-b49a-5f720b71c8a7,2025-07-19,2025-07,Pala Fire,['San Diego'],37,33.342918,-117.114678,7.0,100.0
f74ea816-839f-4d70-8b15-8977b8ea428e,2025-07-03,2025-07,Fairmont Fire,['Alameda'],1,37.714766,-122.104671,6.6,100.0
0baee5d9-2f57-4a41-b4db-37cf926cb62f,2025-09-08,2025-09,Coches 2 Fire,['San Diego'],37,32.832348,-116.905491,5.0,100.0
cc05df19-4f9a-419f-8c84-748a34a86303,2025-06-25,2025-06,Ariane Fire,['San Diego'],37,32.80368,-117.193056,5.0,100.0
6cb52bf3-56c1-45c7-b79b-6141519f75c5,2025-07-01,2025-07,No Name Fire,['Siskiyou'],47,41.7585,-123.2135,3.6,100.0
6bb588ff-4f53-492f-9e3a-1ff5900f6345,2025-01-21,2025-01,Friars Fire,['San Diego'],37,32.7702,-117.1698,3.0,100.0
b3bc4084-0e2f-4f6f-8075-7bde64d7dc8c,2025-06-01,2025-06,Round Fire,['Ventura'],56,34.709092,-119.336243,2.0,100.0
22ec23e5-b380-4ee4-942f-26c12a4576d7,2025-01-23,2025-01,Gilman Fire,['San Diego'],37,32.8622,-117.237,2.0,100.0
8a3dcaf5-4724-4176-83d4-08f96c79ffb6,2025-01-14,2025-01,Scout Fire,['Riverside'],33,33.989,-117.3887,2.0,100.0
38ea1329-35d9-4c54-8da5-d9f0e92c6348,2025-07-21,2025-07,Wolfsen Fire,['Merced'],24,37.211668,-120.788745,1.0,100.0
d49b7509-2632-4153-8252-ec4de0e385ff,2025-02-13,2025-02,Eaton Flood,['Los Angeles'],19,34.2038707,-118.1584203,0.0,
