GEO_ID,FIPS,Name,Est_Total,MOE_Total,Est_Total_Less_than_10000,MOE_Total_Less_than_10000,Est_Total_10000_to_14999,MOE_Total_10000_to_14999,Est_Total_15000_to_19999,MOE_Total_15000_to_19999,Est_Total_20000_to_24999,MOE_Total_20000_to_24999,Est_Total_25000_to_29999,MOE_Total_25000_to_29999,Est_Total_30000_to_34999,MOE_Total_30000_to_34999,Est_Total_35000_to_39999,MOE_Total_35000_to_39999,Est_Total_40000_to_44999,MOE_Total_40000_to_44999,Est_Total_45000_to_49999,MOE_Total_45000_to_49999,Est_Total_50000_to_59999,MOE_Total_50000_to_59999,Est_Total_60000_to_74999,MOE_Total_60000_to_74999,Est_Total_75000_to_99999,MOE_Total_75000_to_99999,Est_Total_100000_to_124999,MOE_Total_100000_to_124999,Est_Total_125000_to_149999,MOE_Total_125000_to_149999,Est_Total_150000_to_199999,MOE_Total_150000_to_199999,Est_Total_200000_or_more,MOE_Total_200000_or_more
0400000US06,06,California,13548091,17724,605499,7657,398942,5620,319456,5164,363123,5640,353999,5357,359478,4728,362241,5217,371483,4899,361398,5036,699670,6095,1056983,9608,1573684,10636,1357935,9849,1052814,8120,1533999,9892,2777387,15403
0500000US06001,06001,"Alameda County, California",598246,1734,24647,1452,16304,1044,11029,909,13365,968,10766,857,11399,811,12100,945,12825,940,11843,931,23478,1140,35075,1423,56169,2061,51989,1664,44182,1355,70712,2141,192363,2717
0500000US06003,06003,"Alpine County, California",435,74,15,14,14,10,12,11,11,9,18,19,31,31,2,3,2,4,13,10,6,8,50,27,20,14,60,36,26,22,79,35,76,34
0500000US06005,06005,"Amador County, California",16091,439,1010,312,519,242,196,116,455,165,471,209,297,136,281,132,556,202,543,212,1228,311,1293,240,2508,393,1639,270,1441,282,1962,380,1692,280
0500000US06007,06007,"Butte County, California",83312,819,4994,604,3159,417,3923,613,3954,591,3448,538,3666,508,2928,494,3409,451,2736,403,5463,525,7183,688,10137,735,7915,750,4973,529,6743,595,8681,696
0500000US06009,06009,"Calaveras County, California",18437,647,896,245,438,163,815,179,505,196,545,185,895,280,549,181,613,252,468,159,1335,349,1922,364,2178,385,1409,339,1783,328,1570,355,2516,347
0500000US06011,06011,"Colusa County, California",7512,369,588,193,251,120,272,139,393,153,182,102,301,161,159,74,332,427,192,87,347,164,707,163,1313,228,571,171,509,163,612,188,783,220
0500000US06013,06013,"Contra Costa County, California",414417,1118,14089,989,7888,774,7065,797,7152,756,7934,950,8307,847,8635,873,8695,891,7558,730,17740,1111,27138,1168,42542,1678,39249,1400,33049,1333,55549,2022,121827,2060
0500000US06015,06015,"Del Norte County, California",9522,317,339,128,528,167,605,207,340,142,360,166,447,160,336,130,288,124,321,127,792,148,780,183,1146,233,1100,252,591,164,1022,268,527,160
0500000US06017,06017,"El Dorado County, California",76185,785,2484,415,1241,250,2024,370,2104,479,1329,268,2276,539,1756,337,1810,270,2105,413,3399,512,5883,652,8810,766,7710,656,6923,591,8522,737,17809,1016
0500000US06019,06019,"Fresno County, California",324702,1025,19844,1192,13403,1000,10658,864,11733,1002,11589,1026,11555,887,12008,1109,10880,1039,10881,841,21608,1307,29887,1588,41962,1658,31448,1529,24135,1384,28292,1472,34819,1696
0500000US06021,06021,"Glenn County, California",9810,287,481,138,333,124,546,199,362,140,367,131,539,154,312,140,324,156,546,149,604,250,1066,271,1209,228,1081,233,678,192,839,214,523,119
0500000US06023,06023,"Humboldt County, California",54922,632,3907,609,2369,388,2117,408,2522,339,2289,419,2764,429,2729,437,2188,362,2063,420,3879,529,5788,588,6113,586,4599,452,3306,459,3978,529,4311,485
0500000US06025,06025,"Imperial County, California",49644,655,3572,504,2097,391,2596,537,2887,488,2509,473,1800,357,2078,439,2201,419,2026,410,3963,539,4471,629,5585,609,4419,531,3322,517,3316,504,2802,429
0500000US06027,06027,"Inyo County, California",8040,209,461,159,475,168,237,117,258,101,198,82,317,156,314,115,307,120,248,63,496,169,776,179,1042,218,835,182,643,165,556,113,877,238
0500000US06029,06029,"Kern County, California",284931,1239,15398,1032,12488,992,9726,826,10997,912,12233,741,10976,928,11995,987,10961,725,10195,902,19172,1208,26804,1325,35283,1624,30327,1443,18880,1080,24892,1200,24604,1362
0500000US06031,06031,"Kings County, California",44052,410,2450,468,1269,262,1190,287,1527,302,1428,331,1676,352,1400,330,1941,375,2317,457,3082,480,5046,578,5958,569,4972,737,3238,438,3511,499,3047,411
0500000US06033,06033,"Lake County, California",26940,631,1615,299,1473,319,1379,283,1208,306,1099,275,1134,283,1160,309,1149,303,876,261,2189,365,3012,458,2572,357,2398,445,1467,260,2029,424,2180,376
0500000US06035,06035,"Lassen County, California",9247,313,567,130,353,151,400,128,312,109,401,141,325,123,462,153,398,137,215,86,709,171,927,190,1294,222,1160,195,550,142,681,143,493,128
0500000US06037,06037,"Los Angeles County, California",3416449,5011,179099,3553,123891,3020,90748,2878,103537,3117,99758,2356,100144,2175,98445,2222,101479,2662,96726,2367,185039,3253,280702,4363,405321,5444,339997,5276,255801,3681,358426,4359,597336,6001
0500000US06039,06039,"Madera County, California",45379,608,2383,423,1503,290,1534,342,1675,308,1290,301,1689,307,1491,353,1521,305,2060,355,2775,366,4343,510,6761,827,4775,506,2982,418,3974,475,4623,602
0500000US06041,06041,"Marin County, California",103018,725,3385,453,1975,418,1681,354,1484,309,1795,364,2248,375,1954,312,1855,346,1721,261,4352,592,5800,536,9198,874,7682,527,6610,689,11173,861,40105,1295
0500000US06043,06043,"Mariposa County, California",7508,301,250,119,517,217,226,93,308,145,358,154,298,133,301,162,234,122,189,88,589,185,794,238,843,226,661,165,693,204,574,180,673,161
0500000US06045,06045,"Mendocino County, California",34842,626,1866,328,1815,445,1556,387,1383,343,1360,285,1161,248,1164,237,1416,316,1237,300,2510,459,3399,442,4096,424,3209,508,2611,495,3140,435,2919,357
0500000US06047,06047,"Merced County, California",86055,548,5756,587,3481,527,2907,408,3814,586,3374,491,3730,504,3464,530,2760,477,3359,599,6633,685,9308,836,11499,945,7873,662,5649,570,6243,749,6205,624
0500000US06049,06049,"Modoc County, California",3267,180,189,100,70,39,131,70,234,99,79,45,85,68,228,134,195,101,172,93,259,93,451,121,370,112,352,112,140,57,144,71,168,74
0500000US06051,06051,"Mono County, California",5744,379,172,89,101,111,83,62,217,110,46,40,264,178,80,92,203,163,140,124,242,167,730,301,627,245,752,294,655,289,393,166,1039,300
0500000US06053,06053,"Monterey County, California",132489,685,4670,601,3143,434,2532,406,3582,482,3189,480,3731,475,3417,526,4078,471,3887,489,7511,807,10741,792,17712,1158,15463,1052,11844,849,14797,866,22192,970
0500000US06055,06055,"Napa County, California",49763,2617,1705,306,969,352,790,224,1108,234,1196,291,1373,301,1372,537,1041,239,1175,268,2815,476,3253,449,5634,801,4788,510,4019,400,6499,536,12026,916
0500000US06057,06057,"Nevada County, California",42865,719,2501,393,1191,293,1211,297,1380,364,1234,292,1426,370,1133,240,1021,253,1181,334,2305,451,3695,594,5102,588,4521,619,3258,466,4416,498,7290,559
0500000US06059,06059,"Orange County, California",1082960,2606,43948,1776,24117,1662,18023,1367,23423,1561,21744,1135,22741,1393,23896,1430,25318,1375,23046,1439,47860,1798,73248,2452,119041,2993,113376,2583,88738,2569,138983,2812,275458,3575
0500000US06061,06061,"Placer County, California",157954,803,5810,650,2772,434,2645,472,3928,492,3122,406,3155,562,3883,535,3408,411,3531,421,7172,759,11135,698,17990,897,16334,1061,13755,870,20809,896,38505,1529
0500000US06063,06063,"Plumas County, California",8054,342,424,199,283,98,366,158,282,180,338,142,116,74,387,169,598,226,320,154,519,234,811,201,856,191,1086,302,384,159,465,151,819,247
0500000US06065,06065,"Riverside County, California",775335,2121,30827,1374,18772,1088,19210,1342,21125,1440,21491,1259,23121,1535,21458,1346,23719,1249,22454,1218,44162,1909,66681,2478,99672,2282,87607,2389,65397,2342,94622,2218,115017,2455
0500000US06067,06067,"Sacramento County, California",571057,1538,25848,1245,17118,1185,13932,1207,15669,948,14010,1071,15404,1046,16534,1128,15540,966,17403,1003,31559,1389,50306,1695,75392,2440,63290,1617,48676,1760,65243,1991,85133,2193
0500000US06069,06069,"San Benito County, California",20561,201,585,168,443,175,350,129,253,92,184,69,361,156,367,161,452,173,494,155,1117,262,1419,303,2664,454,2488,375,2033,331,2866,414,4485,423
0500000US06071,06071,"San Bernardino County, California",674915,1558,28965,1575,20487,1295,17038,1346,20641,1266,20896,1545,20287,1249,23264,1401,21424,1258,21683,1397,39176,1734,62314,2292,90983,2746,75603,2201,55950,1903,76610,2346,79594,2418
0500000US06073,06073,"San Diego County, California",1171278,2902,45943,1918,26679,1379,23647,1293,28474,1605,27834,1627,28654,1700,28674,1381,29049,1212,29634,1655,54684,1891,91584,2901,138344,3216,123268,2588,96856,2381,149552,2787,248402,3540
0500000US06075,06075,"San Francisco County, California",363970,1953,17200,1120,15436,1174,9043,930,7985,832,7042,738,7466,641,5111,619,6798,788,7025,664,11098,834,17690,1088,29441,1501,26785,1272,22267,1130,40910,1488,132673,2213
0500000US06077,06077,"San Joaquin County, California",245250,1175,10374,881,7109,820,5717,720,6262,693,6612,743,7168,692,6937,710,7170,672,6610,613,14753,1091,20247,1100,32822,1375,27379,1411,21151,1131,29380,1313,35559,1374
0500000US06079,06079,"San Luis Obispo County, California",109503,968,4688,496,2892,437,3189,572,2992,531,2415,400,2875,445,3163,471,2921,501,3280,490,5327,514,9149,861,13114,1115,12461,819,8761,665,13179,1022,19097,925
0500000US06081,06081,"San Mateo County, California",264419,1253,7358,663,4272,499,3231,465,3784,505,4196,594,3757,547,4353,487,5577,595,4381,545,8797,662,14277,1055,22305,1226,19598,1059,20317,1078,32583,1459,105633,2178
0500000US06083,06083,"Santa Barbara County, California",149608,835,6672,668,4358,611,3862,533,3901,531,3868,488,3932,510,3760,419,4108,522,4424,546,7987,698,12164,717,16912,1166,14813,951,11944,930,16945,1032,29958,1093
0500000US06085,06085,"Santa Clara County, California",659353,1829,19396,1219,11782,968,8688,827,10948,892,10617,845,9311,786,9483,775,10291,803,10314,731,21733,1141,30200,1284,54617,1965,51926,1968,44390,1619,81469,2043,274188,3517
0500000US06087,06087,"Santa Cruz County, California",96898,687,4066,541,2607,487,2019,386,2579,413,2164,374,2023,368,2164,374,2246,413,2243,466,4321,519,6619,655,11163,917,9578,773,7341,560,11531,842,24234,1006
0500000US06089,06089,"Shasta County, California",71232,703,3521,538,3037,418,2403,354,2881,396,2635,442,2877,429,2400,335,2648,447,2496,391,4682,581,6974,582,9900,750,6849,589,4674,433,5971,541,7284,605
0500000US06091,06091,"Sierra County, California",1219,153,19,22,61,62,92,70,92,62,37,44,55,56,13,18,55,46,32,41,147,91,102,80,203,101,100,65,44,49,44,37,123,76
0500000US06093,06093,"Siskiyou County, California",19079,344,1266,241,964,192,1056,240,813,159,906,150,807,173,816,160,829,184,677,160,1492,268,2156,287,2146,251,1569,254,1196,205,1290,234,1096,226
0500000US06095,06095,"Solano County, California",157512,751,6865,731,3753,563,2828,393,3620,462,3881,570,3587,516,3882,478,3816,501,4429,672,8949,841,12544,1002,20320,1009,17684,1173,13730,868,20022,1015,27602,1057
0500000US06097,06097,"Sonoma County, California",190998,984,7298,772,4554,568,3290,436,4143,475,4451,489,4077,472,4704,449,5064,618,4699,561,10423,855,15129,904,23121,1250,20464,1144,15746,963,24367,1386,39468,1426
0500000US06099,06099,"Stanislaus County, California",177874,777,7820,798,6035,641,4851,620,5406,615,5227,620,4760,571,6224,730,6778,814,5609,726,12389,904,16853,932,24225,1355,19548,1046,15387,993,16618,886,20144,1137
0500000US06101,06101,"Sutter County, California",33292,325,1387,301,1401,359,990,282,704,176,1011,238,1301,305,1010,272,1027,276,1389,365,2456,368,3207,466,4130,465,3694,463,2524,382,3234,507,3827,447
0500000US06103,06103,"Tehama County, California",24788,471,1208,304,1293,296,1013,255,605,167,1241,245,1078,272,1161,322,1360,280,937,207,1838,373,2223,385,3421,506,2168,368,1810,391,1668,302,1764,335
0500000US06105,06105,"Trinity County, California",5585,264,475,197,309,158,306,183,331,181,234,139,260,104,298,142,184,118,347,150,287,154,464,197,864,273,454,214,114,54,234,90,424,199
0500000US06107,06107,"Tulare County, California",143195,754,6490,651,5330,591,4531,472,4320,490,6430,789,4950,661,5723,757,5003,638,6780,950,10679,908,15346,942,19732,1140,14336,1113,10545,838,10841,878,12159,773
0500000US06109,06109,"Tuolumne County, California",22690,468,726,192,970,258,1052,375,494,164,793,244,730,266,633,164,794,289,779,226,1671,333,2403,431,2888,491,2236,379,2076,314,2022,421,2423,443
0500000US06111,06111,"Ventura County, California",280360,1038,9971,796,5290,574,5153,551,5347,613,6144,700,6542,621,6930,592,7881,732,6844,647,13824,1039,20928,1276,32508,1489,29479,1234,24815,1037,36998,1282,61706,1760
0500000US06113,06113,"Yolo County, California",76693,669,5706,570,2659,460,1874,340,1960,376,2661,535,2275,446,1660,325,1940,410,1674,383,4079,540,6764,640,7903,635,7351,814,6285,677,8151,672,13751,727
0500000US06115,06115,"Yuba County, California",28635,382,1310,296,901,194,868,275,1354,323,970,255,954,283,1100,243,803,235,871,237,1969,328,3022,381,4003,516,3457,445,1950,315,2748,386,2355,359
