GEO_ID,FIPS,Name,Est_Total,MOE_Total,Est_Total_Male,MOE_Total_Male,Est_Total_Male_Under_5_years,MOE_Total_Male_Under_5_years,Est_Total_Male_5_to_9_years,MOE_Total_Male_5_to_9_years,Est_Total_Male_10_to_14_years,MOE_Total_Male_10_to_14_years,Est_Total_Male_15_to_17_years,MOE_Total_Male_15_to_17_years,Est_Total_Male_18_and_19_years,MOE_Total_Male_18_and_19_years,Est_Total_Male_20_years,MOE_Total_Male_20_years,Est_Total_Male_21_years,MOE_Total_Male_21_years,Est_Total_Male_22_to_24_years,MOE_Total_Male_22_to_24_years,Est_Total_Male_25_to_29_years,MOE_Total_Male_25_to_29_years,Est_Total_Male_30_to_34_years,MOE_Total_Male_30_to_34_years,Est_Total_Male_35_to_39_years,MOE_Total_Male_35_to_39_years,Est_Total_Male_40_to_44_years,MOE_Total_Male_40_to_44_years,Est_Total_Male_45_to_49_years,MOE_Total_Male_45_to_49_years,Est_Total_Male_50_to_54_years,MOE_Total_Male_50_to_54_years,Est_Total_Male_55_to_59_years,MOE_Total_Male_55_to_59_years,Est_Total_Male_60_and_61_years,MOE_Total_Male_60_and_61_years,Est_Total_Male_62_to_64_years,MOE_Total_Male_62_to_64_years,Est_Total_Male_65_and_66_years,MOE_Total_Male_65_and_66_years,Est_Total_Male_67_to_69_years,MOE_Total_Male_67_to_69_years,Est_Total_Male_70_to_74_years,MOE_Total_Male_70_to_74_years,Est_Total_Male_75_to_79_years,MOE_Total_Male_75_to_79_years,Est_Total_Male_80_to_84_years,MOE_Total_Male_80_to_84_years,Est_Total_Male_85_years_and_over,MOE_Total_Male_85_years_and_over,Est_Total_Female,MOE_Total_Female,Est_Total_Female_Under_5_years,MOE_Total_Female_Under_5_years,Est_Total_Female_5_to_9_years,MOE_Total_Female_5_to_9_years,Est_Total_Female_10_to_14_years,MOE_Total_Female_10_to_14_years,Est_Total_Female_15_to_17_years,MOE_Total_Female_15_to_17_years,Est_Total_Female_18_and_19_years,MOE_Total_Female_18_and_19_years,Est_Total_Female_20_years,MOE_Total_Female_20_years,Est_Total_Female_21_years,MOE_Total_Female_21_years,Est_Total_Female_22_to_24_years,MOE_Total_Female_22_to_24_years,Est_Total_Female_25_to_29_years,MOE_Total_Female_25_to_29_years,Est_Total_Female_30_to_34_years,MOE_Total_Female_30_to_34_years,Est_Total_Female_35_to_39_years,MOE_Total_Female_35_to_39_years,Est_Total_Female_40_to_44_years,MOE_Total_Female_40_to_44_years,Est_Total_Female_45_to_49_years,MOE_Total_Female_45_to_49_years,Est_Total_Female_50_to_54_years,MOE_Total_Female_50_to_54_years,Est_Total_Female_55_to_59_years,MOE_Total_Female_55_to_59_years,Est_Total_Female_60_and_61_years,MOE_Total_Female_60_and_61_years,Est_Total_Female_62_to_64_years,MOE_Total_Female_62_to_64_years,Est_Total_Female_65_and_66_years,MOE_Total_Female_65_and_66_years,Est_Total_Female_67_to_69_years,MOE_Total_Female_67_to_69_years,Est_Total_Female_70_to_74_years,MOE_Total_Female_70_to_74_years,Est_Total_Female_75_to_79_years,MOE_Total_Female_75_to_79_years,Est_Total_Female_80_to_84_years,MOE_Total_Female_80_to_84_years,Est_Total_Female_85_years_and_over,MOE_Total_Female_85_years_and_over
0400000US06,06,California,39287377,,19623351,1150,1107683,593,1192235,7172,1321108,7165,799993,652,527574,863,266214,4212,268195,3961,771750,5455,1429017,723,1543550,820,1445068,7734,1351092,7692,1224719,594,1243491,760,1200996,6780,484805,5394,664232,5681,409523,4390,545127,5562,745881,4937,495290,4326,304583,3654,281225,3276,19664026,1150,1058240,525,1135801,6902,1256317,6702,761419,681,506077,812,251891,4254,245912,4144,743008,5121,1366482,876,1463195,652,1359737,7063,1306311,7023,1209580,615,1229105,658,1211925,6730,490423,5327,691861,5101,442680,5042,605627,5094,861854,5606,603018,5251,400676,4414,462887,4519
0500000US06001,06001,"Alameda County, California",1649473,,818831,84,44281,,46214,1017,47761,1017,29308,84,19682,80,9536,728,9970,746,26294,916,57106,,71203,,69432,1514,63826,1513,56169,,54991,,51680,1227,20014,1094,27843,1149,16881,1023,21489,864,31438,1037,19604,767,12766,717,11343,669,830642,84,42100,,43291,925,45892,925,27429,83,19750,102,9929,852,9377,768,26222,1006,57366,,70532,,66821,1194,61976,1194,55242,,53575,,52801,1053,21229,901,26470,1041,18239,893,24365,991,36708,1067,25303,963,16159,749,19866,927
0500000US06003,06003,"Alpine County, California",1616,239,804,129,39,21,59,27,19,15,35,22,44,34,0,14,0,14,28,28,111,68,19,20,48,39,45,36,23,22,30,23,72,45,9,10,25,22,43,30,68,29,46,24,26,22,15,17,0,14,812,154,29,23,15,13,66,54,59,29,5,7,8,15,11,15,87,82,49,41,22,16,65,53,37,24,37,23,21,15,94,69,9,10,55,33,21,26,25,17,61,34,10,9,23,17,3,5
0500000US06005,06005,"Amador County, California",41428,,22676,154,829,35,945,229,968,234,669,84,288,62,82,82,248,164,643,210,1217,52,1430,101,1998,233,1320,242,1464,93,1682,178,1602,268,738,186,1015,259,758,234,891,209,1665,256,1048,169,718,168,458,143,18752,154,752,36,772,144,909,147,545,80,227,139,183,131,34,32,459,138,897,138,1009,100,1039,166,1118,183,787,49,978,53,984,268,763,169,1411,270,769,212,1010,220,1713,224,1145,212,612,134,636,204
0500000US06007,06007,"Butte County, California",207929,,103536,121,5550,4,6495,524,6000,512,3888,58,3528,135,2066,515,2853,572,6633,622,7239,44,6898,32,6972,395,5802,437,5408,135,5380,77,5650,424,2458,343,3222,388,2203,259,3548,407,5097,368,3119,325,2105,309,1422,206,104393,121,5226,29,5964,430,5708,429,3621,63,3685,103,2514,432,2658,474,6352,631,6537,91,6649,139,6482,418,5528,418,5188,76,5297,62,6371,447,2314,284,3566,356,2319,263,3797,400,5884,440,4051,334,2502,330,2180,287
0500000US06009,06009,"Calaveras County, California",46248,,23038,228,1002,100,1346,196,854,165,782,138,290,133,75,61,252,120,685,176,959,116,1133,104,1539,251,1148,281,1234,117,1491,227,1628,194,952,212,1150,245,915,286,1006,221,1950,299,1264,207,926,199,457,169,23210,228,950,111,799,233,1349,246,751,94,352,79,318,139,129,74,397,112,960,149,1102,114,1556,216,917,239,1126,148,1434,109,1860,249,834,182,1377,270,779,192,1548,282,1820,289,1241,221,857,262,754,187
0500000US06011,06011,"Colusa County, California",21984,,11617,369,735,71,1095,225,776,208,734,142,255,17,217,86,118,58,479,88,622,124,729,13,865,206,676,159,580,98,662,47,527,146,295,106,518,174,288,119,288,86,513,122,298,93,168,64,179,72,10367,369,629,56,607,157,821,106,517,75,145,64,134,98,116,67,529,104,682,81,655,29,582,157,849,134,579,16,625,35,657,126,272,112,292,429,221,82,278,103,491,107,249,93,88,51,349,91
0500000US06013,06013,"Contra Costa County, California",1165012,,572966,111,31657,91,33971,1235,40100,1235,24794,60,14094,110,6336,666,6971,736,19926,861,33867,,37291,,41400,1256,40391,1262,38608,118,39776,,38879,1408,14714,955,21150,1186,11818,796,17056,833,24838,930,16971,688,10156,651,8202,592,592046,111,30267,90,34676,1082,36863,1082,23672,61,13032,52,6144,706,5987,693,20370,858,33159,101,37786,,40716,1274,42390,1274,39652,,39900,,38508,1261,15601,925,23094,1099,13247,770,19866,883,28886,902,20712,802,12636,643,14882,799
0500000US06015,06015,"Del Norte County, California",27107,,14526,200,644,59,899,240,828,160,572,127,244,138,167,102,53,43,458,131,1021,144,1371,179,1525,168,622,143,844,118,892,145,819,154,345,150,579,168,418,138,501,122,796,142,454,118,382,130,92,58,12581,200,705,62,626,156,990,209,393,133,130,80,146,80,11,15,425,103,785,143,674,101,911,168,686,186,617,68,709,90,721,149,459,134,684,152,613,175,497,151,625,164,568,151,340,118,266,106
0500000US06017,06017,"El Dorado County, California",192662,,96062,132,4490,79,4582,412,6394,404,3623,110,1986,59,1005,350,753,199,2772,374,4745,99,5073,61,6152,455,6073,474,5728,125,6183,66,7209,549,3756,522,3827,485,3391,337,3601,361,6533,434,3969,394,2090,287,2127,336,96600,132,4120,47,5291,449,5311,443,3822,140,1796,111,810,254,1104,268,2367,368,4272,88,5194,124,6282,475,5706,462,5533,73,6205,76,7674,489,3240,421,4330,424,2758,323,4717,456,6641,444,4130,386,2649,368,2648,314
0500000US06019,06019,"Fresno County, California",1016725,,509668,44,36074,91,38811,1413,44022,1420,25396,17,14683,17,7664,704,7651,725,20001,927,37795,32,39625,66,36699,1235,33300,1230,29133,44,27498,31,26228,907,10714,767,14809,925,9040,712,12098,763,15963,786,10709,610,6511,599,5244,556,507057,44,35012,41,37493,1099,41679,1098,24032,17,13900,94,6682,740,6750,734,20672,852,36120,61,37875,66,34777,1164,32239,1171,28124,35,26982,37,27337,1023,9675,579,15785,942,9719,688,12445,742,19270,761,12933,557,8342,563,9214,558
0500000US06021,06021,"Glenn County, California",28494,,14564,73,1021,88,910,201,1389,209,677,17,365,2,166,124,209,77,530,120,938,67,969,51,899,191,933,183,755,42,763,29,645,134,285,84,734,138,224,78,569,137,657,142,428,93,287,85,211,96,13930,73,876,15,995,199,1036,186,718,54,331,6,281,129,72,60,540,130,846,57,843,15,737,177,915,184,760,37,834,67,653,147,454,138,522,107,340,140,388,120,718,114,417,98,277,91,377,95
0500000US06023,06023,"Humboldt County, California",134541,,66622,145,3246,118,3854,334,3521,319,2281,38,2042,142,1247,349,1293,303,3300,384,4593,142,4295,123,4157,370,4893,393,4217,47,3700,102,3320,375,1860,308,2578,384,1499,268,2637,304,3721,339,2356,222,939,156,1073,221,67919,145,2968,119,3444,405,3748,385,2239,58,2166,93,1006,306,1490,382,3665,473,4399,177,4314,98,4197,401,4552,395,3585,86,3500,83,3780,335,1802,318,2629,325,1775,263,2843,351,4278,338,2813,299,1512,246,1214,244
0500000US06025,06025,"Imperial County, California",180202,,92641,121,6443,106,6339,680,8684,693,4481,96,2864,241,1447,358,1641,509,3717,462,6893,138,7592,237,6527,590,5981,561,4892,143,5160,241,4085,371,2101,292,2634,441,1421,297,2093,312,3277,368,1934,339,1460,292,975,207,87561,121,6301,87,6726,727,7753,735,4327,39,2454,100,1189,307,1413,335,3004,382,5647,80,5961,101,5282,498,5266,493,4635,53,4833,68,4661,470,1849,363,2719,464,1768,298,2906,376,2946,356,2568,369,1358,238,1995,361
0500000US06027,06027,"Inyo County, California",18739,,9513,142,445,102,681,90,454,92,388,110,125,69,187,118,85,68,233,128,495,97,527,21,574,148,682,144,544,56,542,47,451,139,304,138,534,148,262,71,435,140,643,141,332,92,285,91,305,118,9226,142,458,97,550,161,511,158,294,115,170,86,46,38,179,139,163,129,481,107,548,26,415,114,592,94,462,113,635,115,478,133,334,148,497,146,380,101,442,110,448,96,597,123,313,156,233,91
0500000US06029,06029,"Kern County, California",915075,,465565,68,32913,93,36390,1494,40352,1502,23674,53,13548,18,6907,691,6343,649,20376,825,35483,26,36788,33,34311,1429,30210,1425,26428,37,24466,27,24690,953,8838,729,13194,808,7972,657,10767,692,13868,693,9034,580,4703,449,4310,487,449510,68,31293,22,35661,1166,38443,1160,22764,18,12474,56,5979,674,5099,464,19290,774,32395,56,33364,64,29010,1091,29634,1087,24772,25,24261,49,23866,962,9198,764,14101,861,8209,704,11931,794,14507,767,10321,690,6480,557,6458,617
0500000US06031,06031,"Kings County, California",153298,,84750,187,5505,137,5672,434,6184,434,3621,85,2241,137,1703,388,1203,302,4001,455,7637,128,7448,36,7614,618,6307,531,5153,245,4865,318,3806,354,1901,315,1946,283,1271,292,1948,284,1855,260,1355,240,729,212,785,187,68548,187,5382,137,4578,488,6874,489,3310,78,1798,66,1059,255,794,247,3102,274,5332,146,5177,38,5166,429,3858,426,3550,76,3243,68,3774,305,1298,231,1612,254,1129,219,1398,242,2380,269,1409,219,1059,228,1266,221
0500000US06033,06033,"Lake County, California",68152,,34124,210,1873,122,2000,321,2431,326,1379,115,705,157,312,148,490,159,725,180,1760,98,2150,131,1858,303,2129,283,1651,57,2019,166,2212,282,1000,243,1554,246,1113,218,1375,246,2271,274,1759,244,806,191,552,185,34028,210,1878,116,2068,339,2122,312,1183,61,436,113,739,273,374,194,553,202,1635,69,1990,75,1886,308,2006,300,1804,115,1979,62,2315,341,1096,306,1550,317,1205,209,1496,221,2299,243,1431,224,1025,219,958,208
0500000US06035,06035,"Lassen County, California",30356,,18762,65,681,38,807,123,811,121,519,52,374,131,188,95,185,74,1004,198,1945,99,2093,156,1786,198,1578,187,1268,134,1160,151,1196,149,217,78,476,113,308,100,744,113,525,150,388,96,274,90,235,94,11594,65,708,33,848,141,691,123,546,48,206,45,43,37,110,76,290,87,663,64,676,70,646,133,843,141,537,65,706,114,745,112,408,99,390,81,269,87,533,109,730,139,496,100,279,98,231,69
0500000US06037,06037,"Los Angeles County, California",9808667,,4857636,,255772,,276631,3111,314211,3111,188115,,123427,,61297,1576,61952,2067,192356,2362,373603,,407112,,366492,3543,340488,3543,316171,,325811,,306596,2889,123787,2407,166709,2824,102843,2208,130222,2650,171517,2820,111881,1689,71375,1754,69268,1807,4951031,,245250,,266685,3288,293388,3289,179088,,120919,,58462,1892,61221,1870,192406,2369,370480,,393144,,350491,3599,330527,3599,317775,,324992,,315975,2930,124243,2266,175391,2604,113185,2487,148268,2513,204752,2732,144462,2489,100859,2218,119068,2583
0500000US06039,06039,"Madera County, California",160940,,79101,165,5582,168,6038,539,6920,560,4161,123,2398,112,1132,274,955,252,3237,337,4914,70,5331,99,5080,454,5160,460,4356,92,4319,82,4513,412,1691,292,2345,416,1282,299,2217,296,3476,335,2037,225,986,178,971,229,81839,165,5111,116,5606,477,6387,486,3867,125,2396,243,1145,314,758,206,3785,382,5875,201,5671,134,5392,557,5718,555,4834,198,4470,167,4261,425,1689,334,2695,388,1555,295,2480,350,3324,333,2070,257,1284,198,1466,244
0500000US06041,06041,"Marin County, California",257969,,126877,160,5850,107,7015,487,7437,472,5328,91,2946,72,1439,303,1437,342,3409,408,5432,145,6078,164,6668,494,8752,494,8975,180,9780,157,9997,540,3581,378,5233,494,3132,379,5312,488,7040,504,5449,384,3769,346,2818,360,131092,160,5475,98,6502,480,7336,484,5043,89,2792,72,960,309,1121,295,4126,404,4840,103,5538,152,7037,500,7921,508,8686,95,10061,83,10900,444,4008,393,4921,437,3645,449,5442,497,9197,512,6718,404,4298,419,4525,406
0500000US06043,06043,"Mariposa County, California",17082,,8689,144,213,85,526,136,448,132,245,86,53,59,54,54,40,51,342,83,418,85,608,105,375,140,561,133,532,105,404,58,521,147,325,123,519,138,389,137,397,132,570,162,514,133,269,137,366,160,8393,144,406,101,440,139,379,143,284,106,77,72,9,12,16,29,206,84,367,70,510,74,422,130,463,116,370,59,491,87,670,157,356,124,359,111,414,129,382,124,685,154,496,147,246,119,345,121
0500000US06045,06045,"Mendocino County, California",90244,,44736,156,2203,20,3009,318,2487,327,1810,122,970,111,412,156,542,179,1239,181,2408,77,2664,90,2819,334,2793,355,2645,31,2605,65,2569,312,1212,261,1945,332,1400,297,1727,307,3288,331,1955,259,1315,275,719,182,45508,156,2463,74,2673,297,2764,339,1488,70,899,77,315,189,264,128,1613,232,2196,48,2492,70,2574,325,2799,313,2504,68,2694,116,2965,368,1044,226,2011,300,1369,265,2420,328,3226,320,2333,248,1200,242,1202,211
0500000US06047,06047,"Merced County, California",290201,,147232,98,10545,38,11693,875,12912,881,7812,39,5819,61,2468,458,2040,400,6529,541,10849,68,11047,182,10528,579,8877,579,8069,65,7709,42,7513,480,3181,412,3845,422,2395,301,3402,398,4120,351,2660,290,1953,275,1266,231,142969,98,9850,57,11301,656,11887,662,7330,28,5383,111,2736,468,2160,402,5609,457,10003,64,10168,66,9578,609,8614,614,8087,69,7676,31,8020,561,2796,457,3566,402,2382,363,3448,479,4794,410,3279,370,1877,228,2425,336
0500000US06049,06049,"Modoc County, California",8600,,4219,155,191,53,257,122,206,119,37,28,93,64,39,44,90,70,47,39,303,125,201,34,209,75,201,78,303,50,99,90,141,96,183,91,202,84,137,92,146,75,628,251,209,87,206,108,91,67,4381,155,202,59,236,81,307,91,203,46,84,54,37,49,16,28,140,64,130,68,357,118,182,76,222,82,225,87,146,77,344,72,100,59,145,56,70,49,208,74,453,115,147,99,132,65,295,172
0500000US06051,06051,"Mono County, California",13148,,7160,196,345,107,134,148,609,171,265,164,54,60,78,101,46,42,189,92,305,169,863,230,472,189,449,201,504,231,537,175,417,169,392,215,312,132,162,111,274,122,331,126,232,103,77,56,113,78,5988,196,250,110,395,139,277,109,54,58,81,83,56,63,49,89,49,67,351,162,729,259,460,235,512,242,423,229,335,199,419,171,279,133,161,98,152,93,226,104,325,131,221,95,50,43,134,74
0500000US06053,06053,"Monterey County, California",437613,,223242,94,14373,27,15858,795,16768,790,9960,79,6938,148,3567,480,2936,406,9393,472,15178,118,15849,71,15242,818,15866,807,13823,96,13383,83,12253,551,5062,495,6657,521,3782,391,6263,445,8429,534,5324,363,2840,316,3498,378,214371,94,14228,48,15001,911,16217,913,9869,80,6624,104,3178,449,2944,406,8369,583,13991,71,14109,77,13442,738,13727,742,12178,100,11990,55,12367,647,4552,487,6653,506,4534,380,6471,501,8811,450,6296,515,3889,379,4931,463
0500000US06055,06055,"Napa County, California",134869,,67434,114,3049,58,3700,299,3910,292,2765,58,1663,34,1128,197,557,134,2370,216,4150,68,4101,92,4275,426,4782,416,4244,77,4346,110,4412,526,1684,286,2947,590,1756,237,2098,389,3671,469,2858,446,1695,300,1273,515,67435,114,2980,106,2792,318,4466,308,2564,47,1626,96,799,234,750,199,2230,242,3836,67,4150,104,4416,393,4169,392,4069,47,4418,65,4452,466,1899,495,2715,295,1883,268,2204,458,4077,421,2864,898,1762,929,2314,855
0500000US06057,06057,"Nevada County, California",102481,,50664,117,2049,125,2690,345,2570,355,1676,72,928,151,476,263,253,134,1240,271,2346,79,2557,69,3352,390,3114,360,2929,60,3069,85,3164,372,1665,317,2396,314,1781,351,2611,332,4094,398,2739,293,2013,258,952,186,51817,117,1982,94,2205,300,2591,314,1648,86,736,21,433,158,384,206,1102,249,2200,91,2691,63,3721,352,2450,348,2772,93,2912,72,3378,418,2125,355,2644,306,2007,360,2822,366,4349,482,3225,315,1749,346,1691,319
0500000US06059,06059,"Orange County, California",3165820,,1568413,,84888,,90622,2127,102048,2127,63496,,41817,103,19877,1241,20958,1046,59295,1457,112269,,115990,,106804,1849,103888,1849,99590,,108514,,106716,2060,42635,1680,56687,1691,34624,1401,44274,1515,60308,1376,41326,1197,25918,1027,25869,1033,1597407,,80302,,84980,1691,98395,1691,60402,,41648,39,20289,1128,19823,1054,59063,1350,108880,,111163,,102803,1910,104679,1910,103059,,110847,,107949,1937,42266,1587,58354,1719,36448,1247,49029,1401,71043,1707,48918,1242,34650,1226,42417,1378
0500000US06061,06061,"Placer County, California",419156,,206221,65,10795,47,12740,765,14650,747,8807,47,4765,94,2624,446,2050,382,6282,547,10709,72,11980,75,13953,648,15098,647,13486,35,13519,15,13662,645,5033,470,7781,539,4668,540,7329,546,10117,519,7085,477,4827,368,4261,398,212935,65,9983,38,12581,702,13331,709,8400,20,4250,132,1759,332,2599,354,5909,422,10486,48,12065,30,13416,636,15666,636,13398,47,13773,45,13873,622,5817,586,8094,601,5154,409,8274,507,12487,539,8600,451,6190,529,6830,496
0500000US06063,06063,"Plumas County, California",19423,,9935,222,521,101,594,138,396,143,383,159,70,28,30,30,88,64,310,79,446,118,532,101,665,133,387,133,403,21,446,39,878,213,292,128,374,158,345,146,592,157,994,180,576,156,326,115,287,136,9488,222,323,96,394,153,440,156,285,135,173,112,55,105,22,23,159,125,362,54,667,133,617,209,425,191,505,97,481,64,512,152,518,198,556,190,451,155,414,117,981,209,529,128,290,104,329,134
0500000US06065,06065,"Riverside County, California",2478600,,1243386,106,73908,,84056,2040,90734,2040,56760,104,35172,71,17970,1055,18181,963,46488,1216,85379,,89051,,86942,2262,84436,2261,75515,,76116,,75023,1538,29408,1273,40843,1295,25024,983,34331,1091,46248,1226,33861,1016,21267,1030,16673,970,1235214,106,70458,,76644,1681,90294,1681,54515,106,33772,95,17777,1148,16370,922,45666,1240,81286,,85389,,82167,1896,82237,1896,75261,,74555,,71867,1528,30233,1174,41239,1277,26135,1203,37290,1397,51646,1329,39677,1214,25393,1027,25343,1278
0500000US06067,06067,"Sacramento County, California",1594006,,784956,,48414,,49974,1461,55687,1461,32861,,19150,,9815,679,9361,862,28660,969,57007,,64111,,59449,1464,56385,1464,48030,,47877,,45986,1306,19292,1174,25998,1251,15784,917,21135,957,29668,1016,18315,747,11174,675,10823,765,809050,,45755,,47579,1407,52942,1407,31313,,18032,,9672,894,8047,739,29340,1048,56714,,63796,,59927,1313,54356,1313,48833,,48933,,47764,1323,20412,1052,29164,1307,18954,991,24892,1157,35110,1053,23535,828,15789,745,18191,787
0500000US06069,06069,"San Benito County, California",67290,,33900,202,2145,125,2338,278,2581,326,1500,39,881,58,435,151,494,203,1210,216,2222,70,2475,41,3058,283,2038,275,2219,74,2038,63,2091,211,623,144,1288,227,696,155,770,123,1270,172,639,130,471,118,418,129,33390,202,2169,118,2482,356,2236,323,1565,34,969,90,278,126,410,173,1248,211,2040,64,2329,52,2905,239,1795,235,2052,85,2013,20,1914,277,929,232,1086,216,710,161,911,146,1282,154,779,148,645,168,643,133
0500000US06071,06071,"San Bernardino County, California",2197104,,1099252,70,71223,,76059,1992,87300,1992,51986,71,31689,72,15764,1027,18452,1106,47306,1187,83314,,86508,,77614,1877,75294,1861,65799,118,64881,,61421,1675,25149,1171,34162,1308,19887,998,26496,1171,34519,1138,22034,880,11754,740,10641,748,1097852,70,68100,,74849,1742,81697,1742,49164,72,28353,83,15608,946,14328,1165,43664,1333,80046,,83520,,74538,1793,73830,1771,66742,155,65854,,62171,1511,26117,1549,37618,1451,21919,1060,29732,1098,40127,1071,25375,986,16906,785,17594,996
0500000US06073,06073,"San Diego County, California",3288774,,1662238,,93974,,95405,2229,103193,2230,60050,,47994,150,26398,1322,26710,1221,72310,1658,132016,,139943,,127269,2420,116923,2420,100253,,99523,,94667,1932,39144,1622,56499,1568,33514,1269,45581,1397,61720,1442,41288,947,24981,979,22883,841,1626536,,89639,,91381,1957,96524,1957,57151,,43045,85,20445,1225,20873,1285,62297,1684,120762,,129823,,118141,2187,108721,2187,97931,,98629,,97089,1701,39171,1230,57147,1629,36414,1514,49731,1333,71020,1552,51264,1139,32391,1123,36947,1242
0500000US06075,06075,"San Francisco County, California",830235,,426199,168,17513,112,15411,728,16042,722,9158,86,6567,107,2513,303,2451,312,15125,432,40528,124,48604,72,40302,1155,32731,1151,28736,125,29810,103,28182,973,10622,804,14392,872,8985,639,13236,798,17953,831,12125,700,7263,654,7950,699,404036,168,16633,87,14264,807,15582,793,8905,102,7410,67,2714,372,2377,349,15812,462,38535,98,43194,133,35413,1071,27534,1073,25153,79,25151,109,23569,948,9093,716,13699,927,9324,697,11852,649,21029,761,14264,672,9073,626,13456,751
0500000US06077,06077,"San Joaquin County, California",797334,,399104,195,26263,125,28725,1248,32757,1248,19374,160,11332,96,5949,618,5931,630,15339,848,27328,169,28555,116,28794,1141,28294,1166,24449,107,23884,117,23369,939,8617,760,11931,755,7663,690,9433,663,13081,596,8754,401,4897,500,4385,485,398230,195,25302,125,26912,1146,31277,1144,18214,72,10477,51,5868,568,5157,583,14684,762,26257,103,28143,139,27631,955,27135,967,23942,75,23461,88,21512,941,10306,836,12435,785,8054,684,10991,640,15179,830,10683,613,7347,583,7263,553
0500000US06079,06079,"San Luis Obispo County, California",281555,,141966,129,6202,108,6500,578,7768,578,4587,76,7241,202,3989,608,3844,556,7453,746,7927,189,8475,132,9172,561,7931,543,7478,165,7654,157,7902,508,3522,363,5383,438,3557,470,5842,551,8129,572,5558,427,2864,343,2988,427,139589,129,6102,92,6934,496,6679,491,4472,107,6649,205,4478,556,2955,443,5350,723,7396,117,7309,68,8118,554,7581,539,6916,124,7139,63,8133,551,4014,491,5964,413,4340,417,6152,460,8952,535,6745,472,3577,381,3634,460
0500000US06081,06081,"San Mateo County, California",742340,,369875,114,19405,96,19677,828,21977,838,13415,23,8019,242,3697,483,3483,587,13087,637,25191,67,29867,77,29199,977,26081,971,24838,71,25217,,24588,850,9562,779,13357,667,8480,627,11979,619,14759,659,9882,477,7316,446,6799,515,372465,114,18486,109,18634,820,20717,820,12784,24,7030,178,3259,473,3069,453,12796,655,23178,67,27413,42,26980,978,26560,988,24439,119,25150,164,25561,862,9342,623,14040,757,8380,486,12710,694,18311,732,13420,632,8800,545,11406,647
0500000US06083,06083,"Santa Barbara County, California",443701,,222371,153,13760,124,13800,761,14472,765,8820,85,9560,274,5628,712,5409,548,12262,911,15857,102,14643,56,12991,547,14061,531,11735,92,11738,40,12116,652,4741,489,7070,602,4409,396,6324,379,9034,467,6357,440,3680,387,3904,432,221330,153,13135,99,12135,816,14836,812,8441,80,10816,318,5329,613,5084,615,11850,649,14693,113,13295,63,12371,619,12348,619,11130,39,11349,61,12022,673,4841,529,7653,603,5219,422,5903,476,10365,548,7053,479,5152,415,6310,541
0500000US06085,06085,"Santa Clara County, California",1902047,,969393,263,50972,159,53994,1327,58439,1327,37188,200,24172,97,11389,833,11413,688,38362,1004,78073,,86681,,76882,1540,68329,1541,63691,86,64180,85,62088,1451,25068,1104,30235,1191,19828,1034,23738,935,32019,872,22630,843,14745,784,15277,751,932654,263,47786,158,50144,1573,56396,1574,35157,134,23110,100,10628,768,10472,789,35159,1031,67869,,73888,151,66970,1445,64518,1436,61807,,62237,,60269,1166,22049,897,30422,1026,19579,857,26727,1065,36752,1087,26881,948,20265,996,23569,935
0500000US06087,06087,"Santa Cruz County, California",264926,,132027,114,5840,55,6761,503,7509,518,4873,89,6072,258,3138,460,2562,560,6703,583,8120,132,7985,125,8283,599,7846,617,7832,124,8447,111,8665,546,3159,390,4717,447,3234,425,5287,460,6587,427,4386,321,1967,263,2054,304,132899,114,5802,52,6282,535,7071,528,4575,71,6668,252,2361,340,2980,512,6826,538,7829,148,7521,98,7284,544,8322,515,7465,102,8011,110,8567,508,3268,395,5307,456,3212,356,5292,430,7472,452,4301,394,2906,310,3577,419
0500000US06089,06089,"Shasta County, California",181436,,89288,120,4791,59,5491,383,6169,382,3589,90,2013,113,858,192,1225,352,2841,356,5499,117,5930,66,5405,477,6088,477,4723,98,5099,149,5169,400,2697,347,3883,446,2122,326,3394,395,5238,407,3040,293,2196,258,1828,254,92148,120,4837,54,5435,423,5513,427,3323,92,1851,82,995,261,1179,295,2429,285,5244,29,5989,74,5466,451,6117,449,4689,53,5227,52,6261,438,2704,426,3698,363,2653,376,4095,390,5372,409,4072,327,2438,256,2561,307
0500000US06091,06091,"Sierra County, California",2746,239,1279,132,0,14,45,51,43,37,18,21,114,86,0,14,0,14,8,14,10,16,9,14,25,30,92,62,177,79,49,42,107,92,108,97,17,32,74,62,73,57,115,60,160,40,24,25,11,14,1467,183,0,14,0,14,254,75,37,34,99,58,0,14,0,14,32,35,8,14,0,14,83,82,111,82,147,29,23,22,142,74,2,13,23,27,13,20,137,58,132,49,161,43,25,21,38,38
0500000US06093,06093,"Siskiyou County, California",43466,,21735,124,1007,63,1105,172,1498,186,903,46,516,63,182,66,178,76,540,101,1038,52,1036,64,1464,260,1191,236,1110,76,1194,56,1404,175,467,141,1067,163,728,152,984,139,1826,188,1076,134,716,117,505,132,21731,124,964,82,952,188,1563,211,698,12,394,41,173,85,91,47,547,95,1069,85,1027,107,1258,167,1196,178,1087,63,1203,24,1476,175,663,155,1104,146,895,186,1073,180,1786,175,1177,136,657,115,678,142
0500000US06095,06095,"Solano County, California",451918,,225472,90,13190,53,13894,681,14769,677,8815,56,5314,47,3057,388,3052,420,8459,416,15535,98,16986,70,16436,727,15617,738,13326,87,13744,,14205,735,5555,465,8369,676,5850,551,6444,529,9845,589,6204,441,4015,370,2791,354,226446,90,12291,53,13580,728,13942,729,8349,58,4658,54,3078,468,2477,433,7352,526,14263,78,16174,105,15498,733,14909,718,12893,76,13638,113,14419,704,6628,567,8708,607,6047,519,8938,619,10659,555,8276,593,4076,394,5593,522
0500000US06097,06097,"Sonoma County, California",485040,,238643,139,11480,85,13048,723,13645,675,9047,83,5770,143,2195,416,3019,489,8287,605,14280,79,16113,76,16069,808,16547,808,14665,32,15395,57,15983,724,6542,542,9482,601,5932,529,9218,651,13868,623,8916,475,4810,385,4332,418,246397,139,11022,104,11829,705,13668,720,8658,80,5682,40,2618,399,2478,359,7933,483,13837,27,15375,70,15811,743,16031,736,14429,65,15300,48,16283,751,6697,564,11433,798,6979,523,10552,619,15824,750,10626,644,5742,421,7590,576
0500000US06099,06099,"Stanislaus County, California",553990,,276407,99,18670,77,20448,920,22476,920,13655,59,7911,83,4354,605,3983,565,10490,665,19417,52,20394,,19783,962,18073,963,16462,39,16058,38,15289,734,6667,647,8188,619,4886,470,6905,483,9413,577,5801,487,3413,391,3671,459,277583,99,18151,77,19114,780,21893,781,12972,59,7478,188,3278,491,3720,469,11030,585,18699,109,19875,,18572,945,17973,936,15913,61,15738,26,15612,760,6538,591,8845,620,5819,519,7711,574,10841,620,6963,458,4995,401,5853,447
0500000US06101,06101,"Sutter County, California",98857,,49420,236,3176,63,3790,419,3419,414,2456,216,1229,26,839,200,643,204,1877,270,3183,37,3538,75,3157,306,3119,313,2923,109,2798,89,2585,240,1250,230,2027,223,1119,259,1486,242,1870,275,1367,186,827,166,742,195,49437,236,2963,31,3697,419,3055,375,2318,198,1316,179,678,238,552,210,1661,276,3293,188,3463,70,3110,415,3121,415,2734,43,2801,76,2826,313,1590,286,1454,218,1059,228,1740,268,1972,265,1680,227,1216,217,1138,210
0500000US06103,06103,"Tehama County, California",65167,,32404,163,1874,63,2425,253,2183,251,1443,57,854,85,330,149,350,120,1003,149,1900,93,2135,58,2045,290,1981,248,1730,43,1789,46,1839,322,904,214,1532,316,1105,258,885,201,1603,237,1362,207,546,130,586,200,32763,163,1882,45,2310,293,2232,301,1347,56,709,94,281,106,203,130,1108,163,1835,58,2003,78,2158,272,1549,252,1636,40,1935,101,1709,263,1150,251,1718,243,953,194,1216,248,1790,256,1391,217,791,204,857,184
0500000US06105,06105,"Trinity County, California",15860,,7685,179,254,8,406,121,447,82,281,118,151,129,12,42,7,53,148,124,265,23,241,9,244,113,556,131,390,21,431,42,954,245,200,111,285,167,166,92,417,163,912,176,509,206,156,122,253,198,8175,179,354,117,468,233,372,89,145,99,122,79,0,21,43,77,189,105,465,255,333,197,641,299,453,209,184,147,347,21,526,369,835,347,316,221,259,144,502,200,689,215,478,139,283,130,171,136
0500000US06107,06107,"Tulare County, California",478693,,239638,183,17659,157,19840,976,22070,976,13018,79,7564,97,3912,497,3105,405,10167,619,16755,31,17260,59,17491,830,14515,831,13623,122,12976,4,11544,797,5321,652,6605,627,4383,488,4512,500,7566,522,4643,450,2727,375,2382,356,239055,183,17028,157,18822,854,21143,853,12841,73,6943,62,3978,593,3688,523,9225,730,16669,58,16642,61,16144,776,15077,764,13375,63,12654,68,11880,647,5186,567,6872,522,4225,461,5795,492,8120,564,4807,416,4001,436,3940,427
0500000US06109,06109,"Tuolumne County, California",54498,,28138,134,1163,58,1437,181,1273,190,863,80,541,123,291,144,254,143,872,156,1744,196,1933,122,1676,336,1934,299,1590,153,1462,67,1911,293,774,189,1096,264,1076,266,1337,227,1986,303,1388,217,901,187,636,168,26360,134,1067,26,1186,219,1412,225,904,83,466,64,436,204,142,116,516,204,1156,119,1497,64,1385,216,1482,213,1284,103,1435,110,1879,245,724,175,1374,221,854,214,1581,280,2150,251,1271,183,986,188,1173,173
0500000US06111,06111,"Ventura County, California",837469,,416606,75,22417,72,24851,898,28229,902,17470,38,10763,51,5347,660,5426,656,16036,790,27845,47,28780,44,29296,960,25939,964,25239,29,27445,47,28096,918,11237,831,15330,780,10058,764,13083,687,17542,796,11934,582,7042,540,7201,521,420863,75,21747,65,24943,939,26053,950,16997,55,10430,138,5555,605,6170,611,14225,642,26521,83,27348,43,26258,890,26871,881,25711,49,27258,25,27423,975,11474,746,16946,880,10875,711,13487,711,20101,819,13684,696,9539,608,11247,773
0500000US06113,06113,"Yolo County, California",220564,,107320,142,5402,74,6623,495,6209,503,4361,95,6347,118,3408,670,3846,629,7110,728,7688,66,7413,95,7056,560,6383,557,5800,51,5650,37,5460,440,2266,354,3038,344,1726,293,3009,328,3446,322,2378,181,1422,209,1279,196,113244,142,5114,92,5797,448,6704,451,4073,75,7922,148,4480,672,4656,605,7304,693,7709,129,6780,49,6526,513,6778,501,5765,108,5877,181,5539,444,2813,352,2955,363,2015,293,2985,287,4544,324,2816,270,2020,251,2072,242
0500000US06115,06115,"Yuba County, California",84507,,42825,168,3177,107,3555,373,3099,377,1821,107,1339,141,818,186,554,174,1564,246,3140,156,3337,131,3676,399,2376,390,2257,159,2235,119,2301,321,686,178,1698,284,716,206,1250,222,1425,209,790,148,520,161,491,121,41682,168,2994,101,3233,416,3331,414,1754,111,931,50,481,185,556,209,1512,228,2887,110,3244,98,3261,369,2702,350,2187,88,2184,114,2148,300,1117,265,1292,260,785,172,1059,229,1720,237,1087,173,676,170,541,148
