earthquake_id,date,year_month,place,magnitude,latitude,longitude,depth
nc75412157,2026-08-05,2026-08,"31 km NNW of Covelo, CA",4.41,40.0223333333333,-123.446166666667,7.28
nc75407577,2026-07-29,2026-07,"8 km ESE of Cloverdale, CA",4.24,38.777,-122.935666666667,5.92
ci41292687,2026-07-13,2026-07,"18 km WSW of Johannesburg, CA",4.31762677888687,35.3121666666667,-117.814833333333,7.55
ci41291863,2026-07-12,2026-07,"2 km ESE of Frazier Park, CA",4.10922888670317,34.8131666666667,-118.925833333333,13.09
nc75393566,2026-07-11,2026-07,"11 km N of Covelo, CA",4.42,39.8895,-123.227333333333,10.29
nc75382936,2026-06-24,2026-06,"11 km N of Redwood Valley, CA",5.59,39.3623333333333,-123.228833333333,8.85
ci41478192,2026-06-01,2026-06,"18 km WSW of Johannesburg, CA",4.05890859090661,35.299,-117.809833333333,7.64
ci41461608,2026-05-10,2026-05,"3 km WSW of Brawley, CA",4.66486919122063,32.9713333333333,-115.562333333333,14.53
ci41460512,2026-05-10,2026-05,"2 km W of Brawley, CA",4.48112858848809,32.9778333333333,-115.549833333333,15.9
ci41460112,2026-05-10,2026-05,"3 km WSW of Brawley, CA",4.37822982052754,32.9693333333333,-115.559166666667,15.05
nc75358752,2026-05-07,2026-05,"2 km NW of The Geysers, CA",4.42,38.7913333333333,-122.777166666667,3.68
nc75337442,2026-04-02,2026-04,"1 km SE of Boulder Creek, CA",4.59,37.1156666666667,-122.1125,10.43
ci41426656,2026-03-27,2026-03,"26 km WNW of Ludlow, CA",4.10931310269304,34.8386666666667,-116.4105,1.43
nc75316827,2026-02-21,2026-02,"5 km W of Cobb, CA",4.15,38.8228333333333,-122.783666666667,1.96
nc75305736,2026-02-02,2026-02,"4 km SE of San Ramon, CA",4.18,37.7563333333333,-121.943666666667,9.56
ci41166223,2026-01-21,2026-01,"20 km NNE of Indio, CA",4.25596203401461,33.9001666666667,-116.170166666667,3.67
ci41162719,2026-01-20,2026-01,"20 km NNE of Indio, CA",4.92255584370382,33.894,-116.169333333333,3.09
ci41158263,2026-01-15,2026-01,"7 km WSW of Holtville, CA",4.0911787112618,32.7908333333333,-115.453166666667,16.24
nc75295231,2026-01-13,2026-01,"9 km ESE of Willits, CA",4.42,39.3921666666667,-123.251333333333,8.48
nc75292441,2026-01-08,2026-01,"12 km ENE of Cloverdale, CA",4.17,38.8326666666667,-122.8795,2.86
nc75288851,2025-12-31,2025-12,"15 km NNW of Susanville, CA",4.92,40.5443333333333,-120.692333333333,5.32
nc75287861,2025-12-29,2025-12,"15 km NNW of Susanville, CA",4.7,40.547,-120.700833333333,6.78
nc75279971,2025-12-14,2025-12,"6 km W of Glen Ellen, CA",4.03,38.373,-122.604,3.13
nc75270551,2025-11-27,2025-11,"5 km S of San Juan Bautista, CA",4.04,36.799,-121.543666666667,8.2
nc75265261,2025-11-18,2025-11,"7 km W of Templeton, CA",4.11,35.5528333333333,-120.787833333333,4.92
nc75240492,2025-09-22,2025-09,"2 km ESE of Berkeley, CA",4.29,37.863,-122.254,7.58
nc75223077,2025-08-14,2025-08,"6 km NW of The Geysers, CA",4.05,38.8005,-122.8165,3.38
ci41249496,2025-07-31,2025-07,"6 km NW of Rialto, CA",4.37238430493943,34.148,-117.4143333,5.26
ci41019687,2025-07-11,2025-07,"12 km WNW of Calipatria, CA",4.34,33.1608333,-115.6366667,11.21
nc75202001,2025-06-29,2025-06,"8 km SSE of Deep Springs, CA",4.54,37.316,-117.920666666667,11.6
ci40925991,2025-04-14,2025-04,"5 km S of Julian, CA",5.21,33.0358333,-116.5948333,14.29
nc75149826,2025-03-17,2025-03,"9 km NNE of Lake Pillsbury, CA",4.18,39.4915,-122.948333333333,10.63
ci41075584,2025-03-09,2025-03,"10 km NW of Malibu, CA",4.06,34.0681667,-118.8945,11.38
nc75133062,2025-02-14,2025-02,"10 km NNW of Avenal, CA",4.25,36.0826666666667,-120.183833333333,11.92
nc75111126,2025-01-02,2025-01,"4 km NW of Cobb, CA",4.65,38.8455,-122.756333333333,1.42
nc75104216,2024-12-17,2024-12,"20 km NE of Redway, CA",4.05,40.282,-123.710666666667,28.97
nc75095671,2024-12-05,2024-12,"9 km WNW of Cobb, CA",4.27,38.8441666666667,-122.827,0.41
ci40964384,2024-10-25,2024-10,"10 km SE of Stovepipe Wells, CA",4.54,36.5508333,-117.056,4.58
ci40964128,2024-10-25,2024-10,"5 km E of Stovepipe Wells, CA",4.72,36.6016667,-117.0911667,3.98
ci40964048,2024-10-25,2024-10,"4 km E of Stovepipe Wells, CA",4.16,36.604,-117.0985,4.34
nc75077996,2024-10-24,2024-10,"5 km SSW of Petrolia, CA",4.36,40.2793333333333,-124.295166666667,9.75
nc75077981,2024-10-24,2024-10,"5 km SSW of Petrolia, CA",4.0,40.2756666666667,-124.288333333333,9.88
nc75069176,2024-10-02,2024-10,"11 km NNW of Avenal, CA",4.02,36.0808333333333,-120.200666666667,11.15
nc75068161,2024-09-29,2024-09,"3 km  of Aromas, CA",4.15,36.9118333333333,-121.653333333333,6.94
ci40731623,2024-09-12,2024-09,"6 km N of Malibu, CA",4.71246919380642,34.0565,-118.8126667,11.35
nc75058606,2024-09-07,2024-09,"1 km ESE of The Geysers, CA",4.28,38.7771666666667,-122.746666666667,0.16
ci40699207,2024-08-12,2024-08,"4 km SSE of Highland Park, CA",4.39,34.0825,-118.1788333,10.98
ci40869232,2024-08-08,2024-08,"22 km NW of Grapevine, CA",4.44,35.102,-119.0726667,11.57
ci40865224,2024-08-07,2024-08,"22 km SW of Lamont, CA",4.06,35.111,-119.0783333,11.09
ci40865192,2024-08-07,2024-08,"25 km SW of Lamont, CA",4.6,35.1088333,-119.115,11.98
ci40865184,2024-08-07,2024-08,"24 km SW of Lamont, CA",5.22,35.109,-119.097,11.6
ci40675215,2024-07-29,2024-07,"22 km ENE of Barstow, CA",4.87,34.9503333,-116.7866667,7.26
ci40809504,2024-06-24,2024-06,"24 km SW of Lamont, CA",4.09,35.1131667,-119.1115,12.07
nc75025237,2024-06-22,2024-06,"5 km WSW of Laytonville, CA",4.34,39.6675,-123.532833333333,3.33
nc75017972,2024-06-08,2024-06,"7 km NW of The Geysers, CA",4.48,38.814,-122.821833333333,3.55
ci40593503,2024-05-20,2024-05,"17 km SE of Ocotillo Wells, CA",4.05,33.028,-116.0046667,11.18
nc75006996,2024-05-15,2024-05,"9 km SE of Blue Lake, CA",4.02,40.8283333333333,-123.901833333333,25.58
ci40735352,2024-05-01,2024-05,"10 km SW of Corona, CA",4.11,33.8111667,-117.6445,4.61
ci40549375,2024-04-18,2024-04,"11 km S of Bodfish, CA",4.32,35.493,-118.513,3.22
nc71133194,2024-04-05,2024-04,"6 km NW of Belden, CA",4.42,40.04,-121.3006667,7.76
nc74029551,2024-04-05,2024-04,"6 km WNW of Belden, CA",4.08,40.0331667,-121.3163333,5.38
ci40669624,2024-02-14,2024-02,"10 km N of Westmorland, CA",4.04,33.1276667,-115.623,9.84
ci40666368,2024-02-12,2024-02,"2 km NNW of El Centro, CA",4.56,32.7998333,-115.5655,15.76
ci40666320,2024-02-12,2024-02,"4 km SSW of Imperial, CA",4.05,32.8161667,-115.5866667,13.64
ci40666288,2024-02-12,2024-02,"3 km NNW of El Centro, CA",4.81,32.8135,-115.5735,17.93
ci40664632,2024-02-09,2024-02,"11 km WNW of Malibu, CA",4.61,34.0575,-118.9076667,15.28
nc73994586,2024-01-26,2024-01,"2 km N of The Geysers, CA",4.18,38.7911667,-122.7575,2.78
ci39756418,2024-01-25,2024-01,"3 km SW of San Bernardino, CA",4.24,34.1116667,-117.3115,15.78
nc73992726,2024-01-23,2024-01,"16 km WSW of Klamath, CA",4.33,41.499,-124.2015,35.68
ci40455759,2024-01-05,2024-01,"1 km W of Lytle Creek, CA",4.15,34.2583333,-117.5088333,9.11
ci40453591,2024-01-01,2024-01,"18 km S of Rancho Palos Verdes, CA",4.06,33.5798333,-118.3703333,11.44
ci39720706,2023-12-01,2023-12,"11 km E of Ocotillo, CA",4.8,32.7518333,-115.8728333,8.69
ci39706674,2023-11-03,2023-11,"7 km ESE of Ojai, CA",4.02,34.4215,-119.1696667,6.91
nc73952605,2023-10-28,2023-10,"5 km NNW of Walker, CA",4.24,38.5571667,-119.5103333,4.46
nc73948665,2023-10-18,2023-10,"5 km SW of Isleton, CA",4.24,38.127,-121.6428333,8.46
nc73947830,2023-10-16,2023-10,"20 km E of Petrolia, CA",4.83,40.3156667,-124.0548333,31.06
nc73944166,2023-10-01,2023-10,"3 km S of Petrolia, CA",4.09,40.2951667,-124.287,9.8
nc73943846,2023-09-30,2023-09,"17 km WSW of Ferndale, CA",4.22,40.501,-124.4385,29.09
nc73943821,2023-09-30,2023-09,"3 km SW of Ferndale, CA",4.65,40.5588333,-124.2886667,17.88
nc73938736,2023-09-19,2023-09,"15 km SW of Westley, CA",4.53,37.4381667,-121.2958333,3.51
nc71131324,2023-09-08,2023-09,"12 km NE of Burney, CA",4.33,40.9618333,-121.5705,12.44
nc73934641,2023-09-08,2023-09,"12 km NE of Burney, CA",4.99,40.953,-121.56,15.63
ci39645386,2023-08-20,2023-08,"7 km SE of Ojai, CA",5.08,34.4085,-119.1883333,4.84
nc73925281,2023-08-17,2023-08,"4 km E of Petrolia, CA",4.07,40.3183333,-124.2343333,31.93
nc73922596,2023-08-10,2023-08,"6 km NW of Parkfield, CA",4.28,35.9345,-120.484,9.5
ci39627442,2023-08-02,2023-08,"8 km SW of Niland, CA",4.12,33.186,-115.5735,3.11
nc73902356,2023-06-18,2023-06,"8km SE of Talmage, CA",4.35,39.0893333,-123.0895,10.52
nc71130559,2023-06-03,2023-06,"4km WNW of The Geysers, CA",4.17,38.7961667,-122.7953333,0.84
nc73895826,2023-06-03,2023-06,"2km NW of The Geysers, CA",4.45,38.7921667,-122.7785,3.83
nc73890170,2023-05-26,2023-05,"2km NNE of Prattville, CA",4.13,40.2266667,-121.1478333,6.71
ci40230055,2023-05-21,2023-05,"64km ENE of Big Pine, CA",4.26,37.2836667,-117.5835,5.29
nc73887046,2023-05-12,2023-05,"4km NW of Canyondam, CA",5.16,40.196,-121.0998333,6.06
ci40215735,2023-04-30,2023-04,"7km WSW of Niland, CA",4.26,33.2036667,-115.5858333,1.89
ci40215583,2023-04-30,2023-04,"9 km SW of Niland, CA",4.29,33.1893333,-115.5933333,1.88
ci40215575,2023-04-30,2023-04,"8km WSW of Niland, CA",4.33,33.2008333,-115.59,2.04
ci40214151,2023-04-29,2023-04,"3 km SSW of Heber, CA",4.09,32.711,-115.5448333,10.43
nc73871215,2023-04-12,2023-04,"7km WNW of Cobb, CA",4.43,38.8351667,-122.8068333,2.45
nc73866925,2023-04-04,2023-04,"1km NNW of Tres Pinos, CA",4.41,36.801,-121.323,10.16
ci39508378,2023-04-01,2023-04,"5km NW of Palomar Observatory, CA",4.15,33.3816667,-116.9096667,12.96
nc73860415,2023-03-21,2023-03,"10km WSW of Ferndale, CA",4.54,40.5415,-124.3725,18.1
ci40161279,2023-01-25,2023-01,"16km S of Malibu Beach, CA",4.19,33.885,-118.7045,14.71
nc73834441,2023-01-20,2023-01,"16km WSW of Weitchpec, CA",4.26,41.128,-123.8753333,25.27
nc73827571,2023-01-01,2023-01,"15km SE of Rio Dell, CA",5.35,40.409,-123.971,30.63
ci40151807,2022-12-31,2022-12,"16 km N of Borrego Springs, CA",4.14,33.3975,-116.3933333,3.88
nc73824236,2022-12-24,2022-12,"8km E of Hydesville, CA",4.16,40.5571667,-124.0083333,22.4
nc73822026,2022-12-20,2022-12,"6km WSW of Ferndale, CA",4.35,40.5455,-124.3291667,19.74
nc73821046,2022-12-20,2022-12,"7km WNW of Rio Dell, CA",4.92,40.5228333,-124.1881667,26.55
nc73821036,2022-12-20,2022-12,"15km WSW of Ferndale, CA",6.4,40.525,-124.423,17.91
nc73799091,2022-10-25,2022-10,"15km ESE of Alum Rock, CA",5.06,37.3115,-121.672,8.38
nc73798306,2022-10-23,2022-10,"3km SSE of Fortuna, CA",4.1,40.5781667,-124.14,28.35
nc73796766,2022-10-20,2022-10,"36km NE of Redway, CA",4.32,40.3495,-123.5185,33.05
nc71129069,2022-09-14,2022-09,"4km N of Santa Rosa, CA",4.29,38.4813333,-122.7036667,5.59
nc73781306,2022-09-14,2022-09,"3km N of Santa Rosa, CA",4.39,38.475,-122.7071667,5.57
nc73774300,2022-09-01,2022-09,"5km ENE of Pinnacles, CA",4.0,36.549,-121.0965,1.6
nc73765585,2022-08-08,2022-08,"8km NNE of Walker, CA",4.45,38.5816667,-119.446,5.4
nc73761796,2022-07-23,2022-07,"5km S of Oroville East, CA",4.24,39.4656667,-121.4761667,0.59
ci40063391,2022-07-15,2022-07,"13km NE of Ridgecrest, CA",4.58,35.7091667,-117.5843333,6.3
nc73752031,2022-06-28,2022-06,"2km WNW of Cobb, CA",4.19,38.8301667,-122.7471667,0.48
nc73740051,2022-06-02,2022-06,"7km NW of Bay Point, CA",4.14,38.0765,-122.0076667,18.43
ci40027143,2022-05-26,2022-05,"18km S of Trona, CA",4.28,35.6026667,-117.406,4.79
nc73714181,2022-04-04,2022-04,"9km W of Rio Dell, CA",4.07,40.4871667,-124.2101667,21.4
nc73705146,2022-03-13,2022-03,"7km NW of Pinnacles, CA",4.12,36.5846667,-121.1883333,6.03
ci39928087,2022-01-30,2022-01,"5km WSW of Palomar Observatory, CA",4.0,33.3355,-116.9146667,13.31
nc73674211,2022-01-06,2022-01,"8km ESE of Deep Springs, CA",4.75,37.3338333,-117.9023333,9.5
nc73666231,2021-12-20,2021-12,"7km N of Petrolia, CA",6.2,40.3901667,-124.298,27.04
nc73648540,2021-11-04,2021-11,"19km NW of Covelo, CA",4.08,39.8938333,-123.4245,7.43
nc73648040,2021-11-03,2021-11,"5km NNE of Petrolia, CA",4.38,40.363,-124.2553333,29.6
nc73644630,2021-10-25,2021-10,"18km NW of San Simeon, CA",4.65,35.7758333,-121.3043333,7.79
ci39812319,2021-09-18,2021-09,"2km E of Carson, CA",4.28,33.8313333,-118.2636667,11.86
nc73622771,2021-09-09,2021-09,"10km SW of Petrolia, CA",4.47,40.2705,-124.3813333,32.83
nc73618401,2021-08-31,2021-08,"6km NW of Pinnacles, CA",4.05,36.5781667,-121.1828333,8.54
nc73618286,2021-08-31,2021-08,"11km WSW of Petrolia, CA",4.0,40.2815,-124.4008333,32.36
ci40024128,2021-08-27,2021-08,"13km SE of Bodfish, CA",4.0,35.5151667,-118.3791667,5.01
ci40018784,2021-08-23,2021-08,"12km N of Westmorland, CA",4.04,33.139,-115.6413333,7.16
nc73596726,2021-07-21,2021-07,"12km WSW of Petrolia, CA",4.35,40.2773333,-124.4131667,35.38
nc73594531,2021-07-18,2021-07,"12km W of Petrolia, CA",5.12,40.3235,-124.4255,30.91
nc73585531,2021-07-09,2021-07,"28km SE of Markleeville, CA",4.34,38.5426667,-119.5293333,3.92
nc73585526,2021-07-09,2021-07,"30km SE of Markleeville, CA",4.06,38.5291667,-119.512,5.7
nc73585291,2021-07-09,2021-07,"30km SE of Markleeville, CA",4.55,38.5086667,-119.5343333,3.71
nc73585141,2021-07-09,2021-07,"32km ENE of Dardanelle, CA",4.41,38.4781667,-119.5103333,4.81
nc73585086,2021-07-08,2021-07,"29km SE of Markleeville, CA",4.24,38.537,-119.524,5.83
nc73585021,2021-07-08,2021-07,"29km ENE of Dardanelle, CA",4.63,38.4796667,-119.5448333,1.58
nc73584936,2021-07-08,2021-07,"32km SE of Markleeville, CA",4.31,38.5128333,-119.5106667,6.74
nc71123379,2021-07-08,2021-07,"32km SE of Markleeville, CA",5.03,38.5126667,-119.5021667,7.4
nc73584926,2021-07-08,2021-07,"Antelope Valley, CA",6.0,38.5075,-119.4998333,7.45
ci39936288,2021-06-12,2021-06,"13km WSW of Niland, CA",4.06,33.206,-115.656,2.62
ci39936192,2021-06-12,2021-06,"12km WSW of Niland, CA",4.32,33.2066667,-115.647,2.47
ci39928664,2021-06-07,2021-06,"13km WNW of Calipatria, CA",4.08,33.1666667,-115.64,5.34
ci39919656,2021-06-05,2021-06,"10km WNW of Calipatria, CA",4.09,33.1513333,-115.6186667,7.06
ci39919400,2021-06-05,2021-06,"10km WNW of Calipatria, CA",4.29,33.145,-115.6155,3.69
ci39919392,2021-06-05,2021-06,"11km W of Calipatria, CA",5.25,33.14,-115.6348333,5.78
ci39919248,2021-06-05,2021-06,"11km N of Westmorland, CA",4.08,33.1375,-115.64,4.59
nc73566711,2021-05-28,2021-05,"10km SE of Dollar Point, CA",4.15,39.1221667,-120.0286667,7.02
nc73559265,2021-05-07,2021-05,"19km NW of Truckee, CA",4.65,39.461,-120.3145,10.12
nc73552000,2021-04-20,2021-04,"20km ENE of Redway, CA",4.03,40.188,-123.5988333,33.89
ci39838928,2021-04-05,2021-04,"2km E of Lennox, CA",4.0,33.9405,-118.3333333,19.34
ci39550567,2021-02-12,2021-02,"10km SE of Olancha, CA",4.03,36.2183333,-117.9266667,3.11
nc73512355,2021-01-17,2021-01,"4km SE of Aromas, CA",4.2,36.8673333,-121.6105,8.32
ci39759376,2021-01-17,2021-01,"13km SW of Olancha, CA",4.02,36.1876667,-118.0938333,1.11
nc73506045,2021-01-02,2021-01,"10km NW of Pinnacles, CA",4.32,36.6085,-121.2125,6.32
nc73494405,2020-12-06,2020-12,"13km W of Lakeport, CA",4.39,39.0376667,-123.0671667,4.95
ci37456405,2020-10-01,2020-10,"5km ENE of Westmorland, CA",4.02,33.0518333,-115.575,8.65
ci39643328,2020-10-01,2020-10,"4km NE of Westmorland, CA",4.45,33.0661667,-115.5971667,5.68
ci39641880,2020-10-01,2020-10,"3km ENE of Westmorland, CA",4.12,33.0443333,-115.5928333,11.39
ci39641768,2020-10-01,2020-10,"4km NE of Westmorland, CA",4.09,33.065,-115.5931667,11.07
ci39641616,2020-10-01,2020-10,"4km NNE of Westmorland, CA",4.18,33.0713333,-115.5983333,11.22
ci39641528,2020-10-01,2020-10,"4km NE of Westmorland, CA",4.93,33.0546667,-115.5906667,14.19
ci39641064,2020-09-30,2020-09,"3km NE of Westmorland, CA",4.35,33.053,-115.5955,4.78
ci38695658,2020-09-19,2020-09,"3km WSW of South El Monte, CA",4.54,34.038,-118.08,16.87
ci38683914,2020-09-11,2020-09,"18km SSE of Lone Pine, CA",4.22,36.4406667,-117.9945,3.93
ci39584648,2020-08-19,2020-08,"36km WSW of Stovepipe Wells, CA",4.72,36.4786667,-117.5141667,-0.57
nc73446356,2020-08-19,2020-08,"11km ESE of Willits, CA",4.22,39.3605,-123.2458333,8.19
ci39339191,2020-08-10,2020-08,"10km SSE of Bombay Beach, CA",4.03,33.2653333,-115.6841667,2.87
ci39338407,2020-08-10,2020-08,"12km SSE of Bombay Beach, CA",4.59,33.2468333,-115.69,2.07
ci39322287,2020-07-30,2020-07,"1km SE of Sylmar, CA",4.17,34.3016667,-118.4383333,8.85
ci39494008,2020-06-24,2020-06,"19km SE of Lone Pine, CA",4.59,36.456,-117.9311667,9.62
ci39493944,2020-06-24,2020-06,"18km SSE of Lone Pine, CA",5.8,36.4468333,-117.9751667,4.66
ci39490952,2020-06-23,2020-06,"17km SSE of Lone Pine, CA",4.65,36.4466667,-117.984,2.26
ci39469848,2020-06-08,2020-06,"14km S of Searles Valley, CA",4.29,35.6376667,-117.4175,3.64
ci39462920,2020-06-04,2020-06,"12km NNW of Coso Junction, CA",4.16,36.1498333,-117.9796667,2.01
ci39462536,2020-06-04,2020-06,"17km S of Searles Valley, CA",5.51,35.6148333,-117.4281667,8.44
nc73399446,2020-05-31,2020-05,"29km SE of Bodie, CA",4.34,38.0448333,-118.7618333,8.11
ci38488354,2020-05-10,2020-05,"17km SE of Ocotillo Wells, CA",4.54,33.0183333,-116.0201667,10.16
ci39406880,2020-04-27,2020-04,"13km SW of Searles Valley, CA",4.0,35.6738333,-117.4963333,8.76
nc73374265,2020-04-21,2020-04,"29km SE of Bodie, CA",4.01,38.0443333,-118.7553333,6.84
nc73368095,2020-04-11,2020-04,"29km SE of Bodie, CA",4.03,38.0468333,-118.7513333,6.34
nc73367575,2020-04-11,2020-04,"29km SE of Bodie, CA",4.57,38.0421667,-118.758,8.94
nc73367270,2020-04-11,2020-04,"30km SE of Bodie, CA",5.24,38.0525,-118.7333333,8.45
nc73364330,2020-04-05,2020-04,"16km WSW of Toms Place, CA",4.05,37.5271667,-118.8526667,7.82
ci39126079,2020-04-04,2020-04,"17km ESE of Anza, CA",4.87,33.4895,-116.5063333,10.45
nc73358970,2020-03-25,2020-03,"2km NNW of The Geysers, CA",4.06,38.7903333,-122.765,2.15
ci39111991,2020-03-23,2020-03,"21km N of Searles Valley, CA",4.32,35.9555,-117.363,0.94
nc73355700,2020-03-18,2020-03,"15km W of Petrolia, CA",5.21,40.3475,-124.4561667,28.61
nc73334451,2020-02-01,2020-02,"13km WNW of Toms Place, CA",4.41,37.5891667,-118.8216667,9.78
ci39281440,2020-01-25,2020-01,"23km NNE of Barstow, CA",4.62,35.0975,-116.9696667,3.07
ci39020663,2020-01-02,2020-01,"26km S of Port Hueneme, CA",4.03,33.9173333,-119.2283333,5.94
nc73316566,2019-12-19,2019-12,"9km SW of Petrolia, CA",4.06,40.2758333,-124.3633333,21.4
nc73315876,2019-12-17,2019-12,"11km NNW of Cholame, CA",4.29,35.8058333,-120.356,6.25
nc73300395,2019-11-03,2019-11,"1km WSW of The Geysers, CA",4.15,38.775,-122.767,3.12
nc73292360,2019-10-15,2019-10,"17km SSE of Tres Pinos, CA",4.71,36.6455,-121.274,10.1
nc73291880,2019-10-15,2019-10,"1km SSE of Pleasant Hill, CA",4.46,37.938,-122.057,13.97
ci38999296,2019-08-23,2019-08,"18km E of Little Lake, CA",4.33,35.9078333,-117.7046667,7.14
ci38996632,2019-08-22,2019-08,"18km E of Little Lake, CA",4.89,35.9076667,-117.709,4.93
ci38644943,2019-07-26,2019-07,"18km E of Little Lake, CA",4.74,35.9258333,-117.7066667,3.79
ci38628799,2019-07-23,2019-07,"16km S of Searles Valley, CA",4.15,35.625,-117.4266667,5.51
ci38624623,2019-07-22,2019-07,"16km S of Twentynine Palms, CA",4.2,33.9966667,-116.045,8.23
ci38593535,2019-07-18,2019-07,"9km NE of Coso Junction, CA",4.64,36.113,-117.8875,1.56
ci38585023,2019-07-17,2019-07,"10km NE of Coso Junction, CA",4.37,36.116,-117.884,5.3
ci38583335,2019-07-16,2019-07,"19km NNE of Ridgecrest, CA",4.47,35.7836667,-117.6143333,3.56
nc73225421,2019-07-16,2019-07,"12km WSW of Byron, CA",4.31,37.8186667,-121.7568333,12.38
ci38572055,2019-07-15,2019-07,"9km E of Coso Junction, CA",4.21,36.056,-117.8506667,2.26
ci38548295,2019-07-12,2019-07,"8km ENE of Ridgecrest, CA",4.9,35.6368333,-117.5861667,9.48
ci38538991,2019-07-11,2019-07,"18km E of Little Lake, CA",4.14,35.95,-117.703,4.32
ci38529591,2019-07-11,2019-07,"16km SE of Olancha, CA",4.02,36.1793333,-117.883,1.46
ci38527863,2019-07-11,2019-07,"9km E of Coso Junction, CA",4.3,36.0563333,-117.8488333,2.07
ci38525215,2019-07-11,2019-07,"14km NNE of Coso Junction, CA",4.37,36.1536667,-117.8763333,2.11
ci38525207,2019-07-11,2019-07,"16km NNE of Coso Junction, CA",4.52,36.1766667,-117.884,0.93
ci38522647,2019-07-10,2019-07,"14km ENE of Ridgecrest, CA",4.17,35.6646667,-117.5248333,9.19
ci38521799,2019-07-10,2019-07,"15km NNE of Coso Junction, CA",4.09,36.1661667,-117.8825,1.12
ci38517471,2019-07-10,2019-07,"8km E of Coso Junction, CA",4.18,36.0495,-117.8566667,1.91
ci38509663,2019-07-10,2019-07,"9km E of Coso Junction, CA",4.07,36.0571667,-117.8471667,1.69
ci38475431,2019-07-07,2019-07,"18km WNW of Searles Valley, CA",4.16,35.8056667,-117.594,10.06
ci38472279,2019-07-07,2019-07,"16km W of Searles Valley, CA",4.53,35.7683333,-117.5781667,10.45
ci38469375,2019-07-06,2019-07,"23km N of Ridgecrest, CA",4.5,35.8235,-117.663,6.51
ci38465703,2019-07-06,2019-07,"15km ESE of Ridgecrest, CA",4.14,35.5705,-117.523,10.05
ci38463551,2019-07-06,2019-07,"18km E of Little Lake, CA",4.5,35.9283333,-117.705,2.37
ci38462679,2019-07-06,2019-07,"16km ESE of Little Lake, CA",4.12,35.8953333,-117.7336667,2.1
ci38461879,2019-07-06,2019-07,"21km S of Trona, CA",4.04,35.5785,-117.372,5.6
ci38460983,2019-07-06,2019-07,"16km E of Little Lake, CA",4.49,35.9098333,-117.7323333,4.15
ci38460975,2019-07-06,2019-07,"18km ESE of Little Lake, CA",4.41,35.8811667,-117.7175,5.5
ci37258076,2019-07-06,2019-07,"18km ESE of Little Lake, CA",4.24,35.887,-117.7168333,4.78
ci38460967,2019-07-06,2019-07,"17km ESE of Little Lake, CA",4.89,35.898,-117.7271667,3.95
ci38460311,2019-07-06,2019-07,"16km SSW of Searles Valley, CA",4.56,35.639,-117.4913333,3.14
ci38458999,2019-07-06,2019-07,"17km ESE of Little Lake, CA",4.05,35.8926667,-117.7248333,8.17
ci38458759,2019-07-06,2019-07,"20km S of Trona, CA",4.27,35.5813333,-117.3751667,5.45
ci38458679,2019-07-06,2019-07,"15km E of Little Lake, CA",4.63,35.911,-117.7385,4.99
ci38458655,2019-07-06,2019-07,"19km E of Little Lake, CA",4.15,35.9323333,-117.6916667,1.86
ci38458375,2019-07-06,2019-07,"24km N of Ridgecrest, CA",4.29,35.833,-117.6775,3.43
ci38458143,2019-07-06,2019-07,"14km NE of Ridgecrest, CA",4.03,35.7073333,-117.5706667,2.9
ci38458079,2019-07-06,2019-07,"20km ESE of Little Lake, CA",4.47,35.8773333,-117.6945,3.32
ci38457983,2019-07-06,2019-07,"14km SSW of Searles Valley, CA",4.24,35.6428333,-117.4456667,2.88
ci37224964,2019-07-06,2019-07,"15km ESE of Little Lake, CA",4.33,35.91,-117.7453333,8.01
ci38457967,2019-07-06,2019-07,"16km ESE of Little Lake, CA",4.85,35.9,-117.7376667,1.9
ci38457871,2019-07-06,2019-07,"18km NNE of Ridgecrest, CA",4.17,35.7786667,-117.6121667,2.59
ci38457863,2019-07-06,2019-07,"20km S of Trona, CA",4.01,35.5808333,-117.4041667,5.18
ci37221932,2019-07-06,2019-07,"19km NNE of Ridgecrest, CA",4.29,35.785,-117.6175,10.63
ci38457847,2019-07-06,2019-07,"20km E of Little Lake, CA",5.44,35.9101667,-117.6848333,7.41
ci38457815,2019-07-06,2019-07,"7km SE of Ridgecrest, CA",4.8,35.5846667,-117.6145,9.73
ci38457775,2019-07-06,2019-07,"16km ESE of Ridgecrest, CA",4.68,35.5551667,-117.5215,5.5
ci37421229,2019-07-06,2019-07,"23km ESE of Little Lake, CA",4.31,35.869,-117.6613333,7.21
ci38457735,2019-07-06,2019-07,"20km E of Little Lake, CA",4.06,35.9055,-117.6875,8.43
ci38457703,2019-07-06,2019-07,"19km E of Little Lake, CA",4.97,35.9035,-117.7001667,8.26
ci38457687,2019-07-06,2019-07,"15km ESE of Little Lake, CA",5.5,35.9011667,-117.7495,5.04
ci38457679,2019-07-06,2019-07,"11km SSW of Searles Valley, CA",4.26,35.6805,-117.4703333,6.85
ci38457615,2019-07-06,2019-07,"16km ESE of Little Lake, CA",4.35,35.9028333,-117.7338333,7.27
ci38457607,2019-07-06,2019-07,"14km SSW of Searles Valley, CA",4.09,35.6521667,-117.4668333,1.97
ci37219708,2019-07-06,2019-07,"15km WSW of Searles Valley, CA",4.01,35.726,-117.5613333,11.09
ci37219700,2019-07-06,2019-07,"17km E of Ridgecrest, CA",4.08,35.624,-117.4861667,10.99
ci38457599,2019-07-06,2019-07,"17km ESE of Little Lake, CA",4.17,35.8903333,-117.7303333,6.15
ci38457591,2019-07-06,2019-07,"23km S of Trona, CA",4.49,35.5566667,-117.3581667,8.71
ci38457583,2019-07-06,2019-07,"18km ESE of Little Lake, CA",4.51,35.9028333,-117.7115,3.18
ci37219604,2019-07-06,2019-07,"10km WSW of Searles Valley, CA",4.07,35.7325,-117.5088333,7.03
ci38457575,2019-07-06,2019-07,"24km ESE of Little Lake, CA",4.01,35.8656667,-117.6526667,15.11
ci37219596,2019-07-06,2019-07,"13km SSW of Searles Valley, CA",4.02,35.6566667,-117.4465,2.23
ci38457559,2019-07-06,2019-07,"17km ESE of Little Lake, CA",4.19,35.9025,-117.7221667,4.76
ci37219580,2019-07-06,2019-07,"24km WNW of Searles Valley, CA",4.09,35.8411667,-117.6598333,11.45
ci38457551,2019-07-06,2019-07,"16km E of Little Lake, CA",4.09,35.9106667,-117.7316667,8.16
ci37219572,2019-07-06,2019-07,"20km ESE of Little Lake, CA",4.03,35.8895,-117.6975,7.85
ci37219564,2019-07-06,2019-07,"24km ESE of Ridgecrest, CA",4.57,35.5303333,-117.4313333,3.83
ci37219180,2019-07-06,2019-07,"16km E of Little Lake, CA",4.5,35.9138333,-117.7258333,8.0
ci37219556,2019-07-06,2019-07,"24km ESE of Little Lake, CA",4.09,35.8875,-117.6495,10.86
ci37219540,2019-07-06,2019-07,"23km WNW of Searles Valley, CA",4.02,35.8331667,-117.6451667,8.1
ci37219172,2019-07-06,2019-07,"23km ESE of Little Lake, CA",4.61,35.8606667,-117.6708333,10.32
ci37219516,2019-07-06,2019-07,"21km ESE of Little Lake, CA",4.07,35.8911667,-117.6755,7.42
ci38457535,2019-07-06,2019-07,"17km ESE of Little Lake, CA",4.19,35.9018333,-117.7273333,5.3
ci37219164,2019-07-06,2019-07,"20km WNW of Searles Valley, CA",4.84,35.8031667,-117.6178333,11.44
ci37219476,2019-07-06,2019-07,"16km ESE of Ridgecrest, CA",4.22,35.5685,-117.5165,10.82
ci37260316,2019-07-06,2019-07,"18km ESE of Little Lake, CA",4.0,35.8778333,-117.724,6.14
ci37219468,2019-07-06,2019-07,"22km ESE of Little Lake, CA",4.52,35.861,-117.6778333,6.82
ci37219156,2019-07-06,2019-07,"16km ESE of Little Lake, CA",4.64,35.891,-117.7365,9.1
ci37219500,2019-07-06,2019-07,"17km S of Searles Valley, CA",4.73,35.6166667,-117.4301667,9.35
ci37219492,2019-07-06,2019-07,"17km S of Searles Valley, CA",4.46,35.6171667,-117.4275,8.45
ci37219484,2019-07-06,2019-07,"13km W of Searles Valley, CA",4.55,35.748,-117.5456667,3.9
ci38457519,2019-07-06,2019-07,"16km E of Little Lake, CA",4.64,35.9216667,-117.729,8.17
ci37260300,2019-07-06,2019-07,"18km ESE of Ridgecrest, CA",4.15,35.5423333,-117.5053333,5.6
ci37222204,2019-07-06,2019-07,"23km N of Ridgecrest, CA",4.33,35.8306667,-117.6601667,5.86
ci37222196,2019-07-06,2019-07,"15km E of Little Lake, CA",4.81,35.9496667,-117.7376667,9.28
ci37222188,2019-07-06,2019-07,"9km NNE of Little Lake, CA",4.33,36.0068333,-117.8525,13.93
ci37257780,2019-07-06,2019-07,"14km W of Searles Valley, CA",4.14,35.7453333,-117.5608333,6.5
ci38457487,2019-07-06,2019-07,"14km WSW of Searles Valley, CA",4.97,35.7253333,-117.5535,0.88
ci38451079,2019-07-05,2019-07,"15km W of Searles Valley, CA",4.09,35.7716667,-117.5706667,6.82
ci38450263,2019-07-05,2019-07,"16km W of Searles Valley, CA",5.37,35.7603333,-117.575,6.95
ci38446071,2019-07-05,2019-07,"10km SW of Searles Valley, CA",4.02,35.7033333,-117.4828333,1.0
ci38445975,2019-07-05,2019-07,"18km NNE of Ridgecrest, CA",4.04,35.7718333,-117.6178333,2.59
ci38445703,2019-07-04,2019-07,"6km ESE of Ridgecrest, CA",4.04,35.6011667,-117.6106667,4.75
ci38445087,2019-07-04,2019-07,"15km W of Searles Valley, CA",4.43,35.7463333,-117.5636667,5.76
ci38444103,2019-07-04,2019-07,"14km ENE of Ridgecrest, CA",4.16,35.6623333,-117.524,1.49
ci38443871,2019-07-04,2019-07,"13km SSW of Searles Valley, CA",4.5,35.6715,-117.4788333,5.16
ci37420717,2019-07-04,2019-07,"15km NE of Ridgecrest, CA",4.21,35.7086667,-117.5541667,1.16
ci38443719,2019-07-04,2019-07,"15km NE of Ridgecrest, CA",4.58,35.716,-117.56,1.92
ci38443703,2019-07-04,2019-07,"7km ESE of Ridgecrest, CA",4.07,35.5975,-117.5996667,5.33
ci37421213,2019-07-04,2019-07,"12km SSW of Searles Valley, CA",4.02,35.6755,-117.472,10.27
ci38443647,2019-07-04,2019-07,"13km SW of Searles Valley, CA",4.34,35.6758333,-117.4853333,8.53
ci38443607,2019-07-04,2019-07,"7km ESE of Ridgecrest, CA",4.59,35.6013333,-117.597,2.81
ci38443535,2019-07-04,2019-07,"14km W of Searles Valley, CA",4.23,35.745,-117.5521667,6.64
ci38443231,2019-07-04,2019-07,"12km SW of Searles Valley, CA",4.13,35.707,-117.5101667,8.66
ci37218996,2019-07-04,2019-07,"11km SSW of Searles Valley, CA",4.01,35.6758333,-117.4575,15.82
ci37218988,2019-07-04,2019-07,"13km SW of Searles Valley, CA",4.28,35.687,-117.5061667,1.6
ci38443191,2019-07-04,2019-07,"10km ENE of Ridgecrest, CA",4.49,35.644,-117.5671667,4.64
nc73201181,2019-06-23,2019-06,"6km SSW of Petrolia, CA",5.58,40.2735,-124.3003333,9.44
nc73195396,2019-06-11,2019-06,"7km NW of The Geysers, CA",4.07,38.8136667,-122.8233333,1.97
ci38624424,2019-06-05,2019-06,"15km W of San Clemente Is. (SE tip), CA",4.3,32.8376667,-118.5031667,8.4
ci38624056,2019-06-05,2019-06,"13km W of San Clemente Is. (SE tip), CA",4.28,32.8228333,-118.4828333,8.38
nc73173775,2019-04-29,2019-04,"9km NNW of Redwood Valley, CA",4.32,39.3456667,-123.238,6.25
nc73166265,2019-04-15,2019-04,"6km NW of The Geysers, CA",4.12,38.8148333,-122.7991667,1.24
nc73157855,2019-03-29,2019-03,"19km NW of Petrolia, CA",4.19,40.4288333,-124.4655,27.8
nc73138600,2019-02-06,2019-02,"13km ESE of Blue Lake, CA",4.39,40.8465,-123.8395,25.83
nc73139366,2019-02-03,2019-02,"18km W of Petrolia, CA",4.19,40.307,-124.4965,7.66
nc73139336,2019-02-03,2019-02,"16km WSW of Petrolia, CA",4.48,40.2893333,-124.4741667,7.33
nc73139111,2019-02-02,2019-02,"18km W of Petrolia, CA",4.3,40.3006667,-124.4946667,6.44
nc73133256,2019-01-15,2019-01,"16km W of Petrolia, CA",4.08,40.3216667,-124.4723333,7.09
ci38386960,2018-12-05,2018-12,"28km E of Trona, CA",4.2,35.7303333,-117.0776667,0.84
nc73116386,2018-11-27,2018-11,"9km NW of Avenal, CA",4.0,36.0735,-120.1881667,10.8
nc73105276,2018-11-02,2018-11,"12km S of Tres Pinos, CA",4.11,36.6801667,-121.3146667,6.48
ci38038071,2018-08-29,2018-08,"4km N of La Verne, CA",4.38,34.1363333,-117.7746667,5.46
ci38245496,2018-08-15,2018-08,"7km NE of Aguanga, CA",4.41,33.4771667,-116.8033333,1.89
nc73014276,2018-05-10,2018-05,"5km NW of The Geysers, CA",4.19,38.81,-122.7971667,1.89
ci38167848,2018-05-08,2018-05,"11km N of Cabazon, CA",4.49,34.016,-116.7798333,12.89
ci37908735,2018-04-05,2018-04,"31km SW of Santa Cruz Is. (E end), CA",5.29,33.8198333,-119.734,9.82
nc72988726,2018-03-22,2018-03,"17km W of Humboldt Hill, CA",4.42,40.7513333,-124.3891667,24.52
nc72955520,2018-01-18,2018-01,"1km NE of The Geysers, CA",4.22,38.785,-122.7433333,1.81
nc72948801,2018-01-04,2018-01,"2km SE of Berkeley, CA",4.38,37.8551667,-122.2568333,12.31
nc72939656,2017-12-14,2017-12,"17km WSW of Laytonville, CA",4.26,39.6076667,-123.6458333,7.04
ci38031584,2017-10-26,2017-10,"32km SW of Lompoc, CA",4.33,34.4213333,-120.6785,4.35
ci37980632,2017-08-22,2017-08,"44km ENE of Trona, CA",4.12,35.9043333,-116.9223333,6.14
ci37701632,2016-09-27,2016-09,"6km SSE of Bombay Beach, CA",4.13,33.3058333,-115.701,2.52
ci37701544,2016-09-27,2016-09,"6km SSE of Bombay Beach, CA",4.33,33.2998333,-115.7123333,4.84
ci37700296,2016-09-26,2016-09,"6km SSE of Bombay Beach, CA",4.32,33.2976667,-115.7136667,2.2
ci37644544,2016-07-31,2016-07,"16km SW of Westmorland, CA",4.03,32.9583333,-115.7605,3.2
nc72664436,2016-07-21,2016-07,"19km SSE of Blue Lake, CA",4.81,40.7243333,-123.8918333,26.24
ci37374687,2016-06-10,2016-06,"20km NNW of Borrego Springs, CA",5.19,33.4315,-116.4426667,12.31
ci37534768,2016-03-12,2016-03,"17km ENE of Ojai, CA",4.13,34.5216667,-119.0748333,19.3
ci37528064,2016-02-24,2016-02,"6km SSW of Wasco, CA",4.87,35.5423333,-119.3728333,22.14
ci37527664,2016-02-23,2016-02,"8km WSW of Ludlow, CA",4.1,34.6943333,-116.2428333,2.35
ci37526424,2016-02-20,2016-02,"36km ENE of Lucerne Valley, CA",4.31,34.6098333,-116.6288333,6.7
ci37299263,2016-01-24,2016-01,"8km WSW of Ludlow, CA",4.11,34.6971667,-116.2391667,2.61
ci37510616,2016-01-06,2016-01,"4km NNW of Banning, CA",4.39,33.9585,-116.8883333,16.67
